This is pdfTeX, Version 3.141592653-2.6-1.40.29 (MiKTeX 26.2) (preloaded format=pdflatex 2026.3.21)  4 APR 2026 23:29
entering extended mode
 restricted \write18 enabled.
 file:line:error style messages enabled.
 %&-line parsing enabled.
**d:/ZEC-Timing/docs/DA_Vorlage_HTL-Weiz/02_DOC_Main/DA_ZEC-Timing.tex
(d:/ZEC-Timing/docs/DA_Vorlage_HTL-Weiz/02_DOC_Main/DA_ZEC-Timing.tex
LaTeX2e <2025-11-01>
L3 programming layer <2026-01-19>
(C:\Program Files\MiKTeX\tex/latex/koma-script\scrartcl.cls
Document Class: scrartcl 2026/02/02 v3.49.2 KOMA-Script document class (article)
(C:\Program Files\MiKTeX\tex/latex/koma-script\scrkbase.sty
Package: scrkbase 2026/02/02 v3.49.2 KOMA-Script package (KOMA-Script-dependent basics and keyval usage)
 (C:\Program Files\MiKTeX\tex/latex/koma-script\scrbase.sty
Package: scrbase 2026/02/02 v3.49.2 KOMA-Script package (KOMA-Script-independent basics and keyval usage)
 (C:\Program Files\MiKTeX\tex/latex/koma-script\scrlfile.sty
Package: scrlfile 2026/02/02 v3.49.2 KOMA-Script package (file load hooks)
 (C:\Program Files\MiKTeX\tex/latex/koma-script\scrlfile-hook.sty
Package: scrlfile-hook 2026/02/02 v3.49.2 KOMA-Script package (using LaTeX hooks)
 (C:\Program Files\MiKTeX\tex/latex/koma-script\scrlogo.sty
Package: scrlogo 2026/02/02 v3.49.2 KOMA-Script package (logo)
))) (C:\Program Files\MiKTeX\tex/latex/graphics\keyval.sty
Package: keyval 2022/05/29 v1.15 key=value parser (DPC)
\KV@toks@=\toks17
)
Applying: [2021/05/01] Usage of raw or classic option list on input line 254.
Already applied: [0000/00/00] Usage of raw or classic option list on input line 370.
)) (C:\Program Files\MiKTeX\tex/latex/koma-script\tocbasic.sty
Package: tocbasic 2026/02/02 v3.49.2 KOMA-Script package (handling toc-files)
\scr@dte@tocline@numberwidth=\skip49
\scr@dte@tocline@numbox=\box53
)
Package tocbasic Info: omitting babel extension for `toc'
(tocbasic)             because of feature `nobabel' available
(tocbasic)             for `toc' on input line 141.
Package scrartcl Info: You've used standard option `12pt'.
(scrartcl)             This is correct!
(scrartcl)             Internally I'm using `fontsize=12pt'.
(scrartcl)             If you'd like to set the option with \KOMAoptions,
(scrartcl)             you'd have to use `fontsize=12pt' there
(scrartcl)             instead of `12pt', too.
Class scrartcl Info: File `scrsize12pt.clo' used to setup font sizes on input line 2489.
 (C:\Program Files\MiKTeX\tex/latex/koma-script\scrsize12pt.clo
File: scrsize12pt.clo 2026/02/02 v3.49.2 KOMA-Script font size class option (12pt)
) (C:\Program Files\MiKTeX\tex/latex/koma-script\typearea.sty
Package: typearea 2026/02/02 v3.49.2 KOMA-Script package (type area)
\ta@bcor=\skip50
\ta@div=\count275
Package typearea Info: You've used standard option `a4paper'.
(typearea)             This is correct!
(typearea)             Internally I'm using `paper=a4'.
(typearea)             If you'd like to set the option with \KOMAoptions,
(typearea)             you'd have to use `paper=a4' there
(typearea)             instead of `a4paper', too.
\ta@hblk=\skip51
\ta@vblk=\skip52
\ta@temp=\skip53
\footheight=\skip54
Package typearea Info: These are the values describing the layout:
(typearea)             DIV  = 12
(typearea)             BCOR = 0.0pt
(typearea)             \paperwidth      = 597.50793pt
(typearea)              \textwidth      = 448.13095pt
(typearea)              DIV departure   = -6%
(typearea)              \evensidemargin = 2.4185pt
(typearea)              \oddsidemargin  = 2.4185pt
(typearea)             \paperheight     = 845.04694pt
(typearea)              \textheight     = 635.5pt
(typearea)              \topmargin      = -41.72441pt
(typearea)              \headheight     = 18.125pt
(typearea)              \headsep        = 21.75pt
(typearea)              \topskip        = 12.0pt
(typearea)              \footskip       = 50.75pt
(typearea)              \baselineskip   = 14.5pt
(typearea)              on input line 1810.
)
\c@part=\count276
\c@section=\count277
\c@subsection=\count278
\c@subsubsection=\count279
\c@paragraph=\count280
\c@subparagraph=\count281
\scr@dte@section@maxnumwidth=\skip55
Class scrartcl Info: using compatibility default `runin=bysign'
(scrartcl)           for `\section on input line 5015.
Class scrartcl Info: using compatibility default `afterindent=bysign'
(scrartcl)           for `\section on input line 5015.
\scr@dte@part@maxnumwidth=\skip56
Class scrartcl Info: using compatibility default `afterindent=false'
(scrartcl)           for `\part on input line 5023.
\scr@dte@subsection@maxnumwidth=\skip57
Class scrartcl Info: using compatibility default `runin=bysign'
(scrartcl)           for `\subsection on input line 5033.
Class scrartcl Info: using compatibility default `afterindent=bysign'
(scrartcl)           for `\subsection on input line 5033.
\scr@dte@subsubsection@maxnumwidth=\skip58
Class scrartcl Info: using compatibility default `runin=bysign'
(scrartcl)           for `\subsubsection on input line 5043.
Class scrartcl Info: using compatibility default `afterindent=bysign'
(scrartcl)           for `\subsubsection on input line 5043.
\scr@dte@paragraph@maxnumwidth=\skip59
Class scrartcl Info: using compatibility default `runin=bysign'
(scrartcl)           for `\paragraph on input line 5054.
Class scrartcl Info: using compatibility default `afterindent=bysign'
(scrartcl)           for `\paragraph on input line 5054.
\scr@dte@subparagraph@maxnumwidth=\skip60
Class scrartcl Info: using compatibility default `runin=bysign'
(scrartcl)           for `\subparagraph on input line 5064.
Class scrartcl Info: using compatibility default `afterindent=bysign'
(scrartcl)           for `\subparagraph on input line 5064.
\abovecaptionskip=\skip61
\belowcaptionskip=\skip62
\c@pti@nb@sid@b@x=\box54
Package tocbasic Info: omitting babel extension for `lof'
(tocbasic)             because of feature `nobabel' available
(tocbasic)             for `lof' on input line 6287.
\scr@dte@figure@maxnumwidth=\skip63
\c@figure=\count282
Package tocbasic Info: omitting babel extension for `lot'
(tocbasic)             because of feature `nobabel' available
(tocbasic)             for `lot' on input line 6299.
\scr@dte@table@maxnumwidth=\skip64
\c@table=\count283
Class scrartcl Info: Redefining `\numberline' on input line 6469.
\bibindent=\dimen148
) (../00_LATdef/UsePackages.tex (C:\Program Files\MiKTeX\tex/generic/babel\babel.sty
Package: babel 2026/02/14 v26.3 The multilingual framework for LuaLaTeX, pdfLaTeX and XeLaTeX
\babel@savecnt=\count284
LaTeX Encoding Info:    Redeclaring text command \ij (encoding OT1) on input line 2078.
LaTeX Encoding Info:    Redeclaring text command \IJ (encoding OT1) on input line 2080.
LaTeX Encoding Info:    Redeclaring text command \ij (encoding T1) on input line 2082.
LaTeX Encoding Info:    Redeclaring text command \IJ (encoding T1) on input line 2083.
LaTeX Encoding Info:    Ignoring declaration for text command \ij (encoding ?) on input line 2084.
LaTeX Encoding Info:    Ignoring declaration for text command \IJ (encoding ?) on input line 2086.
LaTeX Encoding Info:    Ignoring declaration for text command \SS (encoding ?) on input line 2111.
\U@D=\dimen149
\l@unhyphenated=\language79
 (C:\Program Files\MiKTeX\tex/generic/babel\txtbabel.def)
\bbl@readstream=\read2
\bbl@dirlevel=\count285
Package babel Info: Configuration files are deprecated, as
(babel)             they can break document portability.
(babel)             Reported on input line 4206.

*************************************
* Local config file bblopts.cfg used
*
(C:\Program Files\MiKTeX\tex/latex/arabi\bblopts.cfg
File: bblopts.cfg 2005/09/08 v0.1 add Arabic and Farsi to "declared" options of babel
) (C:\Program Files\MiKTeX\tex/generic/babel/locale/invalid\babel-ngerman.tex)
Package babel Info: Importing font and identification data for ngerman
(babel)             from babel-de.ini. Reported on input line 4330.
 (C:\Program Files\MiKTeX\tex/latex/babel-german\ngerman.ldf
Language: ngerman 
 (C:\Program Files\MiKTeX\tex/latex/babel-german\babel-german.def
Package babel Info: Making " an active character on input line 470.
))) (C:\Program Files\MiKTeX\tex/latex/setspace\setspace.sty
Package: setspace 2022/12/04 v6.7b set line spacing
)

Class scrartcl Warning: Usage of package `fancyhdr' together
(scrartcl)              with a KOMA-Script class is not recommended.
(scrartcl)              I'd suggest to use 
(scrartcl)              package `scrlayer' or `scrlayer-scrpage', because
(scrartcl)              they support KOMA-Script classes.
(scrartcl)              With `fancyhdr' several features of class `scrartcl'
(scrartcl)              like options `headsepline', `footsepline' or command
(scrartcl)              `\MakeMarkcase' and the commands `\setkomafont' and
(scrartcl)              `\addtokomafont' for the page style elements need
(scrartcl)              explicite user intervention to work.
(scrartcl)              Nevertheless, using requested
(scrartcl)              package `fancyhdr' on input line 4.

(C:\Program Files\MiKTeX\tex/latex/fancyhdr\fancyhdr.sty
Package: fancyhdr 2025/02/07 v5.2 Extensive control of page headers and footers
\f@nch@headwidth=\skip65
\f@nch@offset@elh=\skip66
\f@nch@offset@erh=\skip67
\f@nch@offset@olh=\skip68
\f@nch@offset@orh=\skip69
\f@nch@offset@elf=\skip70
\f@nch@offset@erf=\skip71
\f@nch@offset@olf=\skip72
\f@nch@offset@orf=\skip73
\f@nch@height=\skip74
\f@nch@footalignment=\skip75
\f@nch@widthL=\skip76
\f@nch@widthC=\skip77
\f@nch@widthR=\skip78
\@temptokenb=\toks18
) (C:\Program Files\MiKTeX\tex/latex/xcolor\xcolor.sty
Package: xcolor 2024/09/29 v3.02 LaTeX color extensions (UK)
 (C:\Program Files\MiKTeX\tex/latex/graphics-cfg\color.cfg
File: color.cfg 2016/01/02 v1.6 sample color configuration
)
Package xcolor Info: Driver file: pdftex.def on input line 274.
 (C:\Program Files\MiKTeX\tex/latex/graphics-def\pdftex.def
File: pdftex.def 2025/09/29 v1.2d Graphics/color driver for pdftex
) (C:\Program Files\MiKTeX\tex/latex/graphics\mathcolor.ltx)
Package xcolor Info: Model `cmy' substituted by `cmy0' on input line 1349.
Package xcolor Info: Model `hsb' substituted by `rgb' on input line 1353.
Package xcolor Info: Model `RGB' extended on input line 1365.
Package xcolor Info: Model `HTML' substituted by `rgb' on input line 1367.
Package xcolor Info: Model `Hsb' substituted by `hsb' on input line 1368.
Package xcolor Info: Model `tHsb' substituted by `hsb' on input line 1369.
Package xcolor Info: Model `HSB' substituted by `hsb' on input line 1370.
Package xcolor Info: Model `Gray' substituted by `gray' on input line 1371.
Package xcolor Info: Model `wave' substituted by `hsb' on input line 1372.
) (C:\Program Files\MiKTeX\tex/latex/base\inputenc.sty
Package: inputenc 2024/02/08 v1.3d Input encoding file
\inpenc@prehook=\toks19
\inpenc@posthook=\toks20
) (C:\Program Files\MiKTeX\tex/latex/wrapfig\wrapfig.sty
\wrapoverhang=\dimen150
\WF@size=\dimen151
\c@WF@wrappedlines=\count286
\WF@box=\box55
\WF@everypar=\toks21
Package: wrapfig 2003/01/31  v 3.6
) (C:\Program Files\MiKTeX\tex/latex/acronym\acronym.sty
Package: acronym 2025/01/17 v1.50 Support for acronyms (Tobias Oetiker)
 (C:\Program Files\MiKTeX\tex/latex/bigfoot\suffix.sty
Package: suffix 2006/07/15 1.5a Variant command support
) (C:\Program Files\MiKTeX\tex/latex/xstring\xstring.sty (C:\Program Files\MiKTeX\tex/generic/xstring\xstring.tex
\xs_counta=\count287
\xs_countb=\count288
)
Package: xstring 2023/08/22 v1.86 String manipulations (CT)
)
\AC@clearlist=\toks22
) (C:\Program Files\MiKTeX\tex/latex/base\ifthen.sty
Package: ifthen 2024/03/16 v1.1e Standard LaTeX ifthen package (DPC)
) (C:\Program Files\MiKTeX\tex/latex/lastpage\lastpage.sty
Package: lastpage 2025/08/14 v2.1h lastpage: 2.09 or 2e? (HMM)
 (C:\Program Files\MiKTeX\tex/latex/lastpage\lastpage2e.sty
Package: lastpage2e 2025/08/14 v2.1h Decide which 2e lastpage version to use (HMM)
 (C:\Program Files\MiKTeX\tex/latex/lastpage\lastpagemodern.sty
Package: lastpagemodern 2025-08-14 v2.1h Refers to last page's name (HMM; JPG)
\c@lastpagecount=\count289
) 
)) (C:\Program Files\MiKTeX\tex/latex/currfile\currfile.sty
Package: currfile 2024/03/14 v1.0 Provides the file path elements of the current input file
 (C:\Program Files\MiKTeX\tex/latex/kvoptions\kvoptions.sty
Package: kvoptions 2022-06-15 v3.15 Key value format for package options (HO)
 (C:\Program Files\MiKTeX\tex/generic/ltxcmds\ltxcmds.sty
Package: ltxcmds 2023-12-04 v1.26 LaTeX kernel commands for general use (HO)
) (C:\Program Files\MiKTeX\tex/latex/kvsetkeys\kvsetkeys.sty
Package: kvsetkeys 2022-10-05 v1.19 Key value parser (HO)
)) (C:\Program Files\MiKTeX\tex/latex/filehook\filehook.sty
Package: filehook 2022/10/25 v0.8b Hooks for input files
 (C:\Program Files\MiKTeX\tex/latex/filehook\filehook-2020.sty
Package: filehook-2020 2022/10/25 v0.8b Hooks for input files
))
\c@currfiledepth=\count290
) (C:\Program Files\MiKTeX\tex/latex/pgf/frontendlayer\tikz.sty (C:\Program Files\MiKTeX\tex/latex/pgf/basiclayer\pgf.sty (C:\Program Files\MiKTeX\tex/latex/pgf/utilities\pgfrcs.sty (C:\Program Files\MiKTeX\tex/generic/pgf/utilities\pgfutil-common.tex
\pgfutil@everybye=\toks23
\pgfutil@tempdima=\dimen152
\pgfutil@tempdimb=\dimen153
) (C:\Program Files\MiKTeX\tex/generic/pgf/utilities\pgfutil-latex.def
\pgfutil@abb=\box56
) (C:\Program Files\MiKTeX\tex/generic/pgf/utilities\pgfrcs.code.tex (C:\Program Files\MiKTeX\tex/generic/pgf\pgf.revision.tex)
Package: pgfrcs 2025-08-29 v3.1.11a (3.1.11a)
))
Package: pgf 2025-08-29 v3.1.11a (3.1.11a)
 (C:\Program Files\MiKTeX\tex/latex/pgf/basiclayer\pgfcore.sty (C:\Program Files\MiKTeX\tex/latex/graphics\graphicx.sty
Package: graphicx 2024/12/31 v1.2e Enhanced LaTeX Graphics (DPC,SPQR)
 (C:\Program Files\MiKTeX\tex/latex/graphics\graphics.sty
Package: graphics 2024/08/06 v1.4g Standard LaTeX Graphics (DPC,SPQR)
 (C:\Program Files\MiKTeX\tex/latex/graphics\trig.sty
Package: trig 2023/12/02 v1.11 sin cos tan (DPC)
) (C:\Program Files\MiKTeX\tex/latex/graphics-cfg\graphics.cfg
File: graphics.cfg 2016/06/04 v1.11 sample graphics configuration
)
Package graphics Info: Driver file: pdftex.def on input line 106.
)
\Gin@req@height=\dimen154
\Gin@req@width=\dimen155
) (C:\Program Files\MiKTeX\tex/latex/pgf/systemlayer\pgfsys.sty (C:\Program Files\MiKTeX\tex/generic/pgf/systemlayer\pgfsys.code.tex
Package: pgfsys 2025-08-29 v3.1.11a (3.1.11a)
 (C:\Program Files\MiKTeX\tex/generic/pgf/utilities\pgfkeys.code.tex
\pgfkeys@pathtoks=\toks24
\pgfkeys@temptoks=\toks25
 (C:\Program Files\MiKTeX\tex/generic/pgf/utilities\pgfkeyslibraryfiltered.code.tex
\pgfkeys@tmptoks=\toks26
))
\pgf@x=\dimen156
\pgf@y=\dimen157
\pgf@xa=\dimen158
\pgf@ya=\dimen159
\pgf@xb=\dimen160
\pgf@yb=\dimen161
\pgf@xc=\dimen162
\pgf@yc=\dimen163
\pgf@xd=\dimen164
\pgf@yd=\dimen165
\w@pgf@writea=\write3
\r@pgf@reada=\read3
\c@pgf@counta=\count291
\c@pgf@countb=\count292
\c@pgf@countc=\count293
\c@pgf@countd=\count294
\t@pgf@toka=\toks27
\t@pgf@tokb=\toks28
\t@pgf@tokc=\toks29
\pgf@sys@id@count=\count295
 (C:\Program Files\MiKTeX\tex/generic/pgf/systemlayer\pgf.cfg
File: pgf.cfg 2025-08-29 v3.1.11a (3.1.11a)
)
Driver file for pgf: pgfsys-pdftex.def
 (C:\Program Files\MiKTeX\tex/generic/pgf/systemlayer\pgfsys-pdftex.def
File: pgfsys-pdftex.def 2025-08-29 v3.1.11a (3.1.11a)
 (C:\Program Files\MiKTeX\tex/generic/pgf/systemlayer\pgfsys-common-pdf.def
File: pgfsys-common-pdf.def 2025-08-29 v3.1.11a (3.1.11a)
))) (C:\Program Files\MiKTeX\tex/generic/pgf/systemlayer\pgfsyssoftpath.code.tex
File: pgfsyssoftpath.code.tex 2025-08-29 v3.1.11a (3.1.11a)
\pgfsyssoftpath@smallbuffer@items=\count296
\pgfsyssoftpath@bigbuffer@items=\count297
) (C:\Program Files\MiKTeX\tex/generic/pgf/systemlayer\pgfsysprotocol.code.tex
File: pgfsysprotocol.code.tex 2025-08-29 v3.1.11a (3.1.11a)
)) (C:\Program Files\MiKTeX\tex/generic/pgf/basiclayer\pgfcore.code.tex
Package: pgfcore 2025-08-29 v3.1.11a (3.1.11a)
 (C:\Program Files\MiKTeX\tex/generic/pgf/math\pgfmath.code.tex (C:\Program Files\MiKTeX\tex/generic/pgf/math\pgfmathutil.code.tex) (C:\Program Files\MiKTeX\tex/generic/pgf/math\pgfmathparser.code.tex
\pgfmath@dimen=\dimen166
\pgfmath@count=\count298
\pgfmath@box=\box57
\pgfmath@toks=\toks30
\pgfmath@stack@operand=\toks31
\pgfmath@stack@operation=\toks32
) (C:\Program Files\MiKTeX\tex/generic/pgf/math\pgfmathfunctions.code.tex) (C:\Program Files\MiKTeX\tex/generic/pgf/math\pgfmathfunctions.basic.code.tex) (C:\Program Files\MiKTeX\tex/generic/pgf/math\pgfmathfunctions.trigonometric.code.tex) (C:\Program Files\MiKTeX\tex/generic/pgf/math\pgfmathfunctions.random.code.tex) (C:\Program Files\MiKTeX\tex/generic/pgf/math\pgfmathfunctions.comparison.code.tex) (C:\Program Files\MiKTeX\tex/generic/pgf/math\pgfmathfunctions.base.code.tex) (C:\Program Files\MiKTeX\tex/generic/pgf/math\pgfmathfunctions.round.code.tex) (C:\Program Files\MiKTeX\tex/generic/pgf/math\pgfmathfunctions.misc.code.tex) (C:\Program Files\MiKTeX\tex/generic/pgf/math\pgfmathfunctions.integerarithmetics.code.tex) (C:\Program Files\MiKTeX\tex/generic/pgf/math\pgfmathcalc.code.tex) (C:\Program Files\MiKTeX\tex/generic/pgf/math\pgfmathfloat.code.tex
\c@pgfmathroundto@lastzeros=\count299
)) (C:\Program Files\MiKTeX\tex/generic/pgf/math\pgfint.code.tex) (C:\Program Files\MiKTeX\tex/generic/pgf/basiclayer\pgfcorepoints.code.tex
File: pgfcorepoints.code.tex 2025-08-29 v3.1.11a (3.1.11a)
\pgf@picminx=\dimen167
\pgf@picmaxx=\dimen168
\pgf@picminy=\dimen169
\pgf@picmaxy=\dimen170
\pgf@pathminx=\dimen171
\pgf@pathmaxx=\dimen172
\pgf@pathminy=\dimen173
\pgf@pathmaxy=\dimen174
\pgf@xx=\dimen175
\pgf@xy=\dimen176
\pgf@yx=\dimen177
\pgf@yy=\dimen178
\pgf@zx=\dimen179
\pgf@zy=\dimen180
) (C:\Program Files\MiKTeX\tex/generic/pgf/basiclayer\pgfcorepathconstruct.code.tex
File: pgfcorepathconstruct.code.tex 2025-08-29 v3.1.11a (3.1.11a)
\pgf@path@lastx=\dimen181
\pgf@path@lasty=\dimen182
) (C:\Program Files\MiKTeX\tex/generic/pgf/basiclayer\pgfcorepathusage.code.tex
File: pgfcorepathusage.code.tex 2025-08-29 v3.1.11a (3.1.11a)
\pgf@shorten@end@additional=\dimen183
\pgf@shorten@start@additional=\dimen184
) (C:\Program Files\MiKTeX\tex/generic/pgf/basiclayer\pgfcorescopes.code.tex
File: pgfcorescopes.code.tex 2025-08-29 v3.1.11a (3.1.11a)
\pgfpic=\box58
\pgf@hbox=\box59
\pgf@layerbox@main=\box60
\pgf@picture@serial@count=\count300
) (C:\Program Files\MiKTeX\tex/generic/pgf/basiclayer\pgfcoregraphicstate.code.tex
File: pgfcoregraphicstate.code.tex 2025-08-29 v3.1.11a (3.1.11a)
\pgflinewidth=\dimen185
) (C:\Program Files\MiKTeX\tex/generic/pgf/basiclayer\pgfcoretransformations.code.tex
File: pgfcoretransformations.code.tex 2025-08-29 v3.1.11a (3.1.11a)
\pgf@pt@x=\dimen186
\pgf@pt@y=\dimen187
\pgf@pt@temp=\dimen188
) (C:\Program Files\MiKTeX\tex/generic/pgf/basiclayer\pgfcorequick.code.tex
File: pgfcorequick.code.tex 2025-08-29 v3.1.11a (3.1.11a)
) (C:\Program Files\MiKTeX\tex/generic/pgf/basiclayer\pgfcoreobjects.code.tex
File: pgfcoreobjects.code.tex 2025-08-29 v3.1.11a (3.1.11a)
) (C:\Program Files\MiKTeX\tex/generic/pgf/basiclayer\pgfcorepathprocessing.code.tex
File: pgfcorepathprocessing.code.tex 2025-08-29 v3.1.11a (3.1.11a)
) (C:\Program Files\MiKTeX\tex/generic/pgf/basiclayer\pgfcorearrows.code.tex
File: pgfcorearrows.code.tex 2025-08-29 v3.1.11a (3.1.11a)
\pgfarrowsep=\dimen189
) (C:\Program Files\MiKTeX\tex/generic/pgf/basiclayer\pgfcoreshade.code.tex
File: pgfcoreshade.code.tex 2025-08-29 v3.1.11a (3.1.11a)
\pgf@max=\dimen190
\pgf@sys@shading@range@num=\count301
\pgf@shadingcount=\count302
) (C:\Program Files\MiKTeX\tex/generic/pgf/basiclayer\pgfcoreimage.code.tex
File: pgfcoreimage.code.tex 2025-08-29 v3.1.11a (3.1.11a)
) (C:\Program Files\MiKTeX\tex/generic/pgf/basiclayer\pgfcoreexternal.code.tex
File: pgfcoreexternal.code.tex 2025-08-29 v3.1.11a (3.1.11a)
\pgfexternal@startupbox=\box61
) (C:\Program Files\MiKTeX\tex/generic/pgf/basiclayer\pgfcorelayers.code.tex
File: pgfcorelayers.code.tex 2025-08-29 v3.1.11a (3.1.11a)
) (C:\Program Files\MiKTeX\tex/generic/pgf/basiclayer\pgfcoretransparency.code.tex
File: pgfcoretransparency.code.tex 2025-08-29 v3.1.11a (3.1.11a)
) (C:\Program Files\MiKTeX\tex/generic/pgf/basiclayer\pgfcorepatterns.code.tex
File: pgfcorepatterns.code.tex 2025-08-29 v3.1.11a (3.1.11a)
) (C:\Program Files\MiKTeX\tex/generic/pgf/basiclayer\pgfcorerdf.code.tex
File: pgfcorerdf.code.tex 2025-08-29 v3.1.11a (3.1.11a)
))) (C:\Program Files\MiKTeX\tex/generic/pgf/modules\pgfmoduleshapes.code.tex
File: pgfmoduleshapes.code.tex 2025-08-29 v3.1.11a (3.1.11a)
\pgfnodeparttextbox=\box62
) (C:\Program Files\MiKTeX\tex/generic/pgf/modules\pgfmoduleplot.code.tex
File: pgfmoduleplot.code.tex 2025-08-29 v3.1.11a (3.1.11a)
) (C:\Program Files\MiKTeX\tex/latex/pgf/compatibility\pgfcomp-version-0-65.sty
Package: pgfcomp-version-0-65 2025-08-29 v3.1.11a (3.1.11a)
\pgf@nodesepstart=\dimen191
\pgf@nodesepend=\dimen192
) (C:\Program Files\MiKTeX\tex/latex/pgf/compatibility\pgfcomp-version-1-18.sty
Package: pgfcomp-version-1-18 2025-08-29 v3.1.11a (3.1.11a)
)) (C:\Program Files\MiKTeX\tex/latex/pgf/utilities\pgffor.sty (C:\Program Files\MiKTeX\tex/latex/pgf/utilities\pgfkeys.sty (C:\Program Files\MiKTeX\tex/generic/pgf/utilities\pgfkeys.code.tex)) (C:\Program Files\MiKTeX\tex/latex/pgf/math\pgfmath.sty (C:\Program Files\MiKTeX\tex/generic/pgf/math\pgfmath.code.tex)) (C:\Program Files\MiKTeX\tex/generic/pgf/utilities\pgffor.code.tex
Package: pgffor 2025-08-29 v3.1.11a (3.1.11a)
\pgffor@iter=\dimen193
\pgffor@skip=\dimen194
\pgffor@stack=\toks33
\pgffor@toks=\toks34
)) (C:\Program Files\MiKTeX\tex/generic/pgf/frontendlayer/tikz\tikz.code.tex
Package: tikz 2025-08-29 v3.1.11a (3.1.11a)
 (C:\Program Files\MiKTeX\tex/generic/pgf/libraries\pgflibraryplothandlers.code.tex
File: pgflibraryplothandlers.code.tex 2025-08-29 v3.1.11a (3.1.11a)
\pgf@plot@mark@count=\count303
\pgfplotmarksize=\dimen195
)
\tikz@lastx=\dimen196
\tikz@lasty=\dimen197
\tikz@lastxsaved=\dimen198
\tikz@lastysaved=\dimen199
\tikz@lastmovetox=\dimen256
\tikz@lastmovetoy=\dimen257
\tikzleveldistance=\dimen258
\tikzsiblingdistance=\dimen259
\tikz@figbox=\box63
\tikz@figbox@bg=\box64
\tikz@tempbox=\box65
\tikz@tempbox@bg=\box66
\tikztreelevel=\count304
\tikznumberofchildren=\count305
\tikznumberofcurrentchild=\count306
\tikz@fig@count=\count307
 (C:\Program Files\MiKTeX\tex/generic/pgf/modules\pgfmodulematrix.code.tex
File: pgfmodulematrix.code.tex 2025-08-29 v3.1.11a (3.1.11a)
\pgfmatrixcurrentrow=\count308
\pgfmatrixcurrentcolumn=\count309
\pgf@matrix@numberofcolumns=\count310
)
\tikz@expandcount=\count311
 (C:\Program Files\MiKTeX\tex/generic/pgf/frontendlayer/tikz/libraries\tikzlibrarytopaths.code.tex
File: tikzlibrarytopaths.code.tex 2025-08-29 v3.1.11a (3.1.11a)
))) (C:\Program Files\MiKTeX\tex/latex/float\float.sty
Package: float 2001/11/08 v1.3d Float enhancements (AL)
\c@float@type=\count312
\float@exts=\toks35
\float@box=\box67
\@float@everytoks=\toks36
\@floatcapt=\box68
) (C:\Program Files\MiKTeX\tex/latex/caption\caption.sty
Package: caption 2023/08/05 v3.6o Customizing captions (AR)

Package tocbasic Info: Loading of class-dependent code for package caption3
(tocbasic)             prevented on line 50.

 (C:\Program Files\MiKTeX\tex/latex/caption\caption3.sty
Package: caption3 2023/07/31 v2.4d caption3 kernel (AR)
\caption@tempdima=\dimen260
\captionmargin=\dimen261
\caption@leftmargin=\dimen262
\caption@rightmargin=\dimen263
\caption@width=\dimen264
\caption@indent=\dimen265
\caption@parindent=\dimen266
\caption@hangindent=\dimen267
)
\c@caption@flags=\count313
\c@continuedfloat=\count314
Package caption Info: float package is loaded.
Package caption Info: wrapfig package is loaded.
) (C:\Program Files\MiKTeX\tex/latex/sidecap\sidecap.sty
Package: sidecap 2023/01/24 v1.7a SideCap Package (RN/HjG)
\SC@BOXWD=\dimen268
\SC@CAPWD=\dimen269
\SC@tempdima=\dimen270
\SC@tempdimb=\dimen271
\c@SC@C=\count315
\SC@BOX=\box69
) (C:\Program Files\MiKTeX\tex/latex/caption\subcaption.sty
Package: subcaption 2023/07/28 v1.6b Sub-captions (AR)
Package caption Info: New subtype `subfigure' on input line 238.
\c@subfigure=\count316
Package caption Info: New subtype `subtable' on input line 238.
\c@subtable=\count317
) (C:\Program Files\MiKTeX\tex/generic/pgf/frontendlayer/tikz/libraries\tikzlibraryshapes.geometric.code.tex
File: tikzlibraryshapes.geometric.code.tex 2025-08-29 v3.1.11a (3.1.11a)
 (C:\Program Files\MiKTeX\tex/generic/pgf/libraries/shapes\pgflibraryshapes.geometric.code.tex
File: pgflibraryshapes.geometric.code.tex 2025-08-29 v3.1.11a (3.1.11a)
)) (C:\Program Files\MiKTeX\tex/generic/pgf/libraries\pgflibraryarrows.meta.code.tex
File: pgflibraryarrows.meta.code.tex 2025-08-29 v3.1.11a (3.1.11a)
\pgfarrowinset=\dimen272
\pgfarrowlength=\dimen273
\pgfarrowwidth=\dimen274
\pgfarrowlinewidth=\dimen275
) (C:\Program Files\MiKTeX\tex/generic/pgf/frontendlayer/tikz/libraries\tikzlibrarypositioning.code.tex
File: tikzlibrarypositioning.code.tex 2025-08-29 v3.1.11a (3.1.11a)
) (C:\Program Files\MiKTeX\tex/generic/pgf/frontendlayer/tikz/libraries\tikzlibraryfit.code.tex
File: tikzlibraryfit.code.tex 2025-08-29 v3.1.11a (3.1.11a)
) (C:\Program Files\MiKTeX\tex/generic/pgf/frontendlayer/tikz/libraries\tikzlibrarybackgrounds.code.tex
File: tikzlibrarybackgrounds.code.tex 2025-08-29 v3.1.11a (3.1.11a)
\pgf@layerbox@background=\box70
\pgf@layerboxsaved@background=\box71
) (C:\Program Files\MiKTeX\tex/generic/pgf/frontendlayer/tikz/libraries\tikzlibrarycalc.code.tex
File: tikzlibrarycalc.code.tex 2025-08-29 v3.1.11a (3.1.11a)
) (C:\Program Files\MiKTeX\tex/generic/pgf/frontendlayer/tikz/libraries\tikzlibraryshapes.multipart.code.tex
File: tikzlibraryshapes.multipart.code.tex 2025-08-29 v3.1.11a (3.1.11a)
 (C:\Program Files\MiKTeX\tex/generic/pgf/libraries/shapes\pgflibraryshapes.multipart.code.tex
File: pgflibraryshapes.multipart.code.tex 2025-08-29 v3.1.11a (3.1.11a)
\pgfnodepartlowerbox=\box72
\pgfnodeparttwobox=\box73
\pgfnodepartthreebox=\box74
\pgfnodepartfourbox=\box75
\pgfnodeparttwentybox=\box76
\pgfnodepartnineteenbox=\box77
\pgfnodeparteighteenbox=\box78
\pgfnodepartseventeenbox=\box79
\pgfnodepartsixteenbox=\box80
\pgfnodepartfifteenbox=\box81
\pgfnodepartfourteenbox=\box82
\pgfnodepartthirteenbox=\box83
\pgfnodeparttwelvebox=\box84
\pgfnodepartelevenbox=\box85
\pgfnodeparttenbox=\box86
\pgfnodepartninebox=\box87
\pgfnodeparteightbox=\box88
\pgfnodepartsevenbox=\box89
\pgfnodepartsixbox=\box90
\pgfnodepartfivebox=\box91
)) (C:\Program Files\MiKTeX\tex/latex/tikzmark\tikzlibrarytikzmark.code.tex
File: tikzlibrarytikzmark.code.tex 2022/08/24 v1.15 TikZ library for marking positions in a document
 (C:\Program Files\MiKTeX\tex/latex/l3kernel\expl3.sty
Package: expl3 2026-01-19 L3 programming layer (loader) 
 (C:\Program Files\MiKTeX\tex/latex/l3backend\l3backend-pdftex.def
File: l3backend-pdftex.def 2025-10-09 L3 backend support: PDF output (pdfTeX)
\l__color_backend_stack_int=\count318
)) (C:\Program Files\MiKTeX\tex/latex/l3packages/l3keys2e\l3keys2e.sty
Package: l3keys2e 2025-10-09 LaTeX2e option processing using LaTeX3 keys
) (C:\Program Files\MiKTeX\tex/latex/l3packages/xparse\xparse.sty
Package: xparse 2025-10-09 L3 Experimental document command parser
)
\l__sn_x_dim=\dimen276
\l__sn_y_dim=\dimen277
\l__sn_xa_dim=\dimen278
\l__sn_ya_dim=\dimen279
) (C:\Program Files\MiKTeX\tex/latex/tools\calc.sty
Package: calc 2025/03/01 v4.3b Infix arithmetic (KKT,FJ)
\calc@Acount=\count319
\calc@Bcount=\count320
\calc@Adimen=\dimen280
\calc@Bdimen=\dimen281
\calc@Askip=\skip79
\calc@Bskip=\skip80
LaTeX Info: Redefining \setlength on input line 86.
LaTeX Info: Redefining \addtolength on input line 87.
\calc@Ccount=\count321
\calc@Cskip=\skip81
) (C:\Program Files\MiKTeX\tex/latex/multirow\multirow.sty
Package: multirow 2024/11/12 v2.9 Span multiple rows of a table
\multirow@colwidth=\skip82
\multirow@cntb=\count322
\multirow@dima=\skip83
\bigstrutjot=\dimen282
) (C:\Program Files\MiKTeX\tex/latex/tools\longtable.sty
Package: longtable 2025-10-13 v4.24 Multi-page Table package (DPC)
\LTleft=\skip84
\LTright=\skip85
\LTpre=\skip86
\LTpost=\skip87
\LTchunksize=\count323
\LTcapwidth=\dimen283
\LT@head=\box92
\LT@firsthead=\box93
\LT@foot=\box94
\LT@lastfoot=\box95
\LT@gbox=\box96
\LT@cols=\count324
\LT@rows=\count325
\c@LT@tables=\count326
\c@LT@chunks=\count327
\LT@p@ftn=\toks37
)
Class scrartcl Info: longtable captions redefined on input line 25.
 (C:\Program Files\MiKTeX\tex/latex/amscls\amsthm.sty
Package: amsthm 2020/05/29 v2.20.6
\thm@style=\toks38
\thm@bodyfont=\toks39
\thm@headfont=\toks40
\thm@notefont=\toks41
\thm@headpunct=\toks42
\thm@preskip=\skip88
\thm@postskip=\skip89
\thm@headsep=\skip90
\dth@everypar=\toks43
) (C:\Program Files\MiKTeX\tex/latex/xpatch\xpatch.sty
Package: xpatch 2020/03/25 v0.3a Extending etoolbox patching commands
 (C:\Program Files\MiKTeX\tex/latex/etoolbox\etoolbox.sty
Package: etoolbox 2025/10/02 v2.5m e-TeX tools for LaTeX (JAW)
\etb@tempcnta=\count328
))
Class scrartcl Info: amsthm's \deferred@thm@head patched.
 (C:\Program Files\MiKTeX\tex/latex/amsmath\amsbsy.sty
Package: amsbsy 1999/11/29 v1.2d Bold Symbols
 (C:\Program Files\MiKTeX\tex/latex/amsmath\amsgen.sty
File: amsgen.sty 1999/11/30 v2.0 generic functions
\@emptytoks=\toks44
\ex@=\dimen284
)
\pmbraise@=\dimen285
) (C:\Program Files\MiKTeX\tex/latex/geometry\geometry.sty
Package: geometry 2020/01/02 v5.9 Page Geometry
 (C:\Program Files\MiKTeX\tex/generic/iftex\ifvtex.sty
Package: ifvtex 2019/10/25 v1.7 ifvtex legacy package. Use iftex instead.
 (C:\Program Files\MiKTeX\tex/generic/iftex\iftex.sty
Package: iftex 2024/12/12 v1.0g TeX engine tests
))
\Gm@cnth=\count329
\Gm@cntv=\count330
\c@Gm@tempcnt=\count331
\Gm@bindingoffset=\dimen286
\Gm@wd@mp=\dimen287
\Gm@odd@mp=\dimen288
\Gm@even@mp=\dimen289
\Gm@layoutwidth=\dimen290
\Gm@layoutheight=\dimen291
\Gm@layouthoffset=\dimen292
\Gm@layoutvoffset=\dimen293
\Gm@dimlist=\toks45
 (C:\Program Files\MiKTeX\tex/latex/geometry\geometry.cfg)) (C:\Program Files\MiKTeX\tex/latex/amsfonts\amssymb.sty
Package: amssymb 2013/01/14 v3.01 AMS font symbols
 (C:\Program Files\MiKTeX\tex/latex/amsfonts\amsfonts.sty
Package: amsfonts 2013/01/14 v3.01 Basic AMSFonts support
\symAMSa=\mathgroup4
\symAMSb=\mathgroup5
LaTeX Font Info:    Redeclaring math symbol \hbar on input line 98.
LaTeX Font Info:    Overwriting math alphabet `\mathfrak' in version `bold'
(Font)                  U/euf/m/n --> U/euf/b/n on input line 106.
)) (C:\Program Files\MiKTeX\tex/latex/tools\array.sty
Package: array 2025/09/25 v2.6n Tabular extension package (FMi)
\col@sep=\dimen294
\ar@mcellbox=\box97
\extrarowheight=\dimen295
\NC@list=\toks46
\extratabsurround=\skip91
\backup@length=\skip92
\ar@cellbox=\box98
) (C:\Program Files\MiKTeX\tex/latex/changepage\chngpage.sty
Package: chngpage 2009/10/20 v1.2b change page layout
\c@cp@cnt=\count332
\c@cp@tempcnt=\count333
) (C:\Program Files\MiKTeX\tex/latex/tabulary\tabulary.sty
Package: tabulary 2024/06/04 v0.11 tabulary package (DPC)
\TY@count=\count334
\TY@linewidth=\dimen296
\tymin=\dimen297
\tymax=\dimen298
\TY@tablewidth=\dimen299
) (C:\Program Files\MiKTeX\tex/latex/amsmath\amsmath.sty
Package: amsmath 2025/07/09 v2.17z AMS math features
\@mathmargin=\skip93

For additional information on amsmath, use the `?' option.
(C:\Program Files\MiKTeX\tex/latex/amsmath\amstext.sty
Package: amstext 2024/11/17 v2.01 AMS text
) (C:\Program Files\MiKTeX\tex/latex/amsmath\amsopn.sty
Package: amsopn 2022/04/08 v2.04 operator names
)
\inf@bad=\count335
LaTeX Info: Redefining \frac on input line 233.
\uproot@=\count336
\leftroot@=\count337
LaTeX Info: Redefining \overline on input line 398.
LaTeX Info: Redefining \colon on input line 409.
\classnum@=\count338
\DOTSCASE@=\count339
LaTeX Info: Redefining \ldots on input line 495.
LaTeX Info: Redefining \dots on input line 498.
LaTeX Info: Redefining \cdots on input line 619.
\Mathstrutbox@=\box99
\strutbox@=\box100
LaTeX Info: Redefining \big on input line 721.
LaTeX Info: Redefining \Big on input line 722.
LaTeX Info: Redefining \bigg on input line 723.
LaTeX Info: Redefining \Bigg on input line 724.
\big@size=\dimen300
LaTeX Font Info:    Redeclaring font encoding OML on input line 742.
LaTeX Font Info:    Redeclaring font encoding OMS on input line 743.
\macc@depth=\count340
LaTeX Info: Redefining \bmod on input line 904.
LaTeX Info: Redefining \pmod on input line 909.
LaTeX Info: Redefining \smash on input line 939.
LaTeX Info: Redefining \relbar on input line 969.
LaTeX Info: Redefining \Relbar on input line 970.
\c@MaxMatrixCols=\count341
\dotsspace@=\muskip17
\c@parentequation=\count342
\dspbrk@lvl=\count343
\tag@help=\toks47
\row@=\count344
\column@=\count345
\maxfields@=\count346
\andhelp@=\toks48
\eqnshift@=\dimen301
\alignsep@=\dimen302
\tagshift@=\dimen303
\tagwidth@=\dimen304
\totwidth@=\dimen305
\lineht@=\dimen306
\@envbody=\toks49
\multlinegap=\skip94
\multlinetaggap=\skip95
\mathdisplay@stack=\toks50
LaTeX Info: Redefining \[ on input line 2950.
LaTeX Info: Redefining \] on input line 2951.
) (C:\Program Files\MiKTeX\tex/latex/tools\xspace.sty
Package: xspace 2014/10/28 v1.13 Space after command names (DPC,MH)
) (C:\Program Files\MiKTeX\tex/latex/pdfpages\pdfpages.sty
Package: pdfpages 2025/07/23 v0.6g Insert pages of external PDF documents (AM)
 (C:\Program Files\MiKTeX\tex/latex/eso-pic\eso-pic.sty
Package: eso-pic 2025/12/10 v3.0d eso-pic (RN)
\ESO@tempdima=\dimen307
\ESO@tempdimb=\dimen308
)
\AM@pagewidth=\dimen309
\AM@pageheight=\dimen310
\AM@fboxrule=\dimen311
 (C:\Program Files\MiKTeX\tex/latex/pdfpages\pppdftex.def
File: pppdftex.def 2025/07/23 v0.6g Pdfpages driver for pdfTeX (AM)
)
\pdfpages@includegraphics@status=\count347
\AM@pagebox=\box101
\AM@global@opts=\toks51
\AM@pagecnt=\count348
\AM@toc@title=\toks52
\AM@lof@heading=\toks53
\c@AM@survey=\count349
\AM@templatesizebox=\box102
) (C:\Program Files\MiKTeX\tex/latex/hyperref\hyperref.sty
Package: hyperref 2026-01-29 v7.01p Hypertext links for LaTeX
 (C:\Program Files\MiKTeX\tex/generic/kvdefinekeys\kvdefinekeys.sty
Package: kvdefinekeys 2019-12-19 v1.6 Define keys (HO)
) (C:\Program Files\MiKTeX\tex/generic/pdfescape\pdfescape.sty
Package: pdfescape 2019/12/09 v1.15 Implements pdfTeX's escape features (HO)
 (C:\Program Files\MiKTeX\tex/generic/pdftexcmds\pdftexcmds.sty
Package: pdftexcmds 2020-06-27 v0.33 Utility functions of pdfTeX for LuaTeX (HO)
 (C:\Program Files\MiKTeX\tex/generic/infwarerr\infwarerr.sty
Package: infwarerr 2019/12/03 v1.5 Providing info/warning/error messages (HO)
)
Package pdftexcmds Info: \pdf@primitive is available.
Package pdftexcmds Info: \pdf@ifprimitive is available.
Package pdftexcmds Info: \pdfdraftmode found.
)) (C:\Program Files\MiKTeX\tex/latex/hycolor\hycolor.sty
Package: hycolor 2020-01-27 v1.10 Color options for hyperref/bookmark (HO)
) (C:\Program Files\MiKTeX\tex/latex/hyperref\nameref.sty
Package: nameref 2026-01-29 v2.58 Cross-referencing by name of section
 (C:\Program Files\MiKTeX\tex/latex/refcount\refcount.sty
Package: refcount 2019/12/15 v3.6 Data extraction from label references (HO)
) (C:\Program Files\MiKTeX\tex/generic/gettitlestring\gettitlestring.sty
Package: gettitlestring 2019/12/15 v1.6 Cleanup title references (HO)
)
\c@section@level=\count350
) (C:\Program Files\MiKTeX\tex/generic/stringenc\stringenc.sty
Package: stringenc 2019/11/29 v1.12 Convert strings between diff. encodings (HO)
)
\@linkdim=\dimen312
\Hy@linkcounter=\count351
\Hy@pagecounter=\count352
 (C:\Program Files\MiKTeX\tex/latex/hyperref\pd1enc.def
File: pd1enc.def 2026-01-29 v7.01p Hyperref: PDFDocEncoding definition (HO)
Now handling font encoding PD1 ...
... no UTF-8 mapping file for font encoding PD1
) (C:\Program Files\MiKTeX\tex/generic/intcalc\intcalc.sty
Package: intcalc 2019/12/15 v1.3 Expandable calculations with integers (HO)
)
\Hy@SavedSpaceFactor=\count353
 (C:\Program Files\MiKTeX\tex/latex/hyperref\puenc.def
File: puenc.def 2026-01-29 v7.01p Hyperref: PDF Unicode definition (HO)
Now handling font encoding PU ...
... no UTF-8 mapping file for font encoding PU
)
Package hyperref Info: Hyper figures OFF on input line 4201.
Package hyperref Info: Link nesting OFF on input line 4206.
Package hyperref Info: Hyper index ON on input line 4209.
Package hyperref Info: Plain pages OFF on input line 4216.
Package hyperref Info: Backreferencing OFF on input line 4221.
Package hyperref Info: Implicit mode ON; LaTeX internals redefined.
Package hyperref Info: Bookmarks ON on input line 4468.
\c@Hy@tempcnt=\count354
 (C:\Program Files\MiKTeX\tex/latex/url\url.sty
\Urlmuskip=\muskip18
Package: url 2013/09/16  ver 3.4  Verb mode for urls, etc.
)
LaTeX Info: Redefining \url on input line 4807.
\XeTeXLinkMargin=\dimen313
 (C:\Program Files\MiKTeX\tex/generic/bitset\bitset.sty
Package: bitset 2019/12/09 v1.3 Handle bit-vector datatype (HO)
 (C:\Program Files\MiKTeX\tex/generic/bigintcalc\bigintcalc.sty
Package: bigintcalc 2019/12/15 v1.5 Expandable calculations on big integers (HO)
))
\Fld@menulength=\count355
\Field@Width=\dimen314
\Fld@charsize=\dimen315
Package hyperref Info: Hyper figures OFF on input line 6084.
Package hyperref Info: Link nesting OFF on input line 6089.
Package hyperref Info: Hyper index ON on input line 6092.
Package hyperref Info: backreferencing OFF on input line 6099.
Package hyperref Info: Link coloring OFF on input line 6104.
Package hyperref Info: Link coloring with OCG OFF on input line 6109.
Package hyperref Info: PDF/A mode OFF on input line 6114.
\Hy@abspage=\count356
\c@Item=\count357
\c@Hfootnote=\count358
)
Package hyperref Info: Driver (autodetected): hpdftex.
 (C:\Program Files\MiKTeX\tex/latex/hyperref\hpdftex.def
File: hpdftex.def 2026-01-29 v7.01p Hyperref driver for pdfTeX
\Fld@listcount=\count359
\c@bookmark@seq@number=\count360
 (C:\Program Files\MiKTeX\tex/latex/rerunfilecheck\rerunfilecheck.sty
Package: rerunfilecheck 2025-06-21 v1.11 Rerun checks for auxiliary files (HO)
 (C:\Program Files\MiKTeX\tex/generic/uniquecounter\uniquecounter.sty
Package: uniquecounter 2019/12/15 v1.4 Provide unlimited unique counter (HO)
)
Package uniquecounter Info: New unique counter `rerunfilecheck' on input line 284.
)
\Hy@SectionHShift=\skip96
) (C:\Program Files\MiKTeX\tex/latex/textfit\textfit.sty
Package: textfit 1994/04/15
\mags@f@r=\count361
\desired@size=\dimen316
\r@mainder=\count362
\m@gstepcount=\count363
\m@gsteplimit=\count364
\m@gstepvalue=\count365
\m@gstepdimen=\dimen317
) (C:\Program Files\MiKTeX\tex/latex/listings\listings.sty
\lst@mode=\count366
\lst@gtempboxa=\box103
\lst@token=\toks54
\lst@length=\count367
\lst@currlwidth=\dimen318
\lst@column=\count368
\lst@pos=\count369
\lst@lostspace=\dimen319
\lst@width=\dimen320
\lst@newlines=\count370
\lst@lineno=\count371
\lst@maxwidth=\dimen321
 (C:\Program Files\MiKTeX\tex/latex/listings\lstpatch.sty
File: lstpatch.sty 2025/11/14 1.11b (Carsten Heinz)
) (C:\Program Files\MiKTeX\tex/latex/listings\lstmisc.sty
File: lstmisc.sty 2025/11/14 1.11b (Carsten Heinz)
\c@lstnumber=\count372
\lst@skipnumbers=\count373
\lst@framebox=\box104
) (C:\Program Files\MiKTeX\tex/latex/listings\listings.cfg
File: listings.cfg 2025/11/14 1.11b listings configuration
))
Package: listings 2025/11/14 1.11b (Carsten Heinz)

==> First Aid for listings.sty no longer applied!
    Expected:
        2024/09/23 1.10c (Carsten Heinz)
    but found:
        2025/11/14 1.11b (Carsten Heinz)
    so I'm assuming it got fixed.
(C:\Program Files\MiKTeX\tex/latex/base\fontenc.sty
Package: fontenc 2025/07/18 v2.1d Standard LaTeX package
) (C:\Program Files\MiKTeX\tex/latex/arial\uarial.sty
Package: uarial 2006/03/21 1.0 (WaS)
) (C:\Program Files\MiKTeX\tex/latex/glossaries/base\glossaries.sty
Package: glossaries 2026/03/06 v5.0 (NLCT)
 (C:\Program Files\MiKTeX\tex/latex/xkeyval\xkeyval.sty
Package: xkeyval 2022/06/16 v2.9 package option processing (HA)
 (C:\Program Files\MiKTeX\tex/generic/xkeyval\xkeyval.tex (C:\Program Files\MiKTeX\tex/generic/xkeyval\xkvutils.tex
\XKV@toks=\toks55
\XKV@tempa@toks=\toks56
)
\XKV@depth=\count374
File: xkeyval.tex 2014/12/03 v2.7a key=value parser (HA)
)) (C:\Program Files\MiKTeX\tex/latex/mfirstuc\mfirstuc.sty
Package: mfirstuc 2025/04/03 v2.09 (NLCT)
\@glsmfirst=\toks57
\@glsmrest=\toks58
) (C:\Program Files\MiKTeX\tex/latex/xfor\xfor.sty
Package: xfor 2009/02/05 v1.05 (NLCT)
) (C:\Program Files\MiKTeX\tex/latex/tracklang\tracklang.sty
Package: tracklang 2025/03/11 v1.6.6 (NLCT) Track Languages
 (C:\Program Files\MiKTeX\tex/generic/tracklang\tracklang.tex)
Package tracklang Info: Tracking dialect `ngerman' (language `german') on input line 264.
Package tracklang Info: Tracking dialect `ngerman' (language `german') on input line 264.
) (C:\Program Files\MiKTeX\tex/latex/translator\translator.sty
Package: translator 2021-05-31 v1.12d Easy translation of strings in LaTeX
) (C:\Program Files\MiKTeX\tex/latex/glossaries-german\glossaries-german.ldf
File: glossaries-german.ldf 2014/11/23 v1.0
) (C:\Program Files\MiKTeX\tex/latex/datatool\datatool-base.sty
Package: datatool-base 2025/12/04 v3.4.3 (NLCT)
\l__datatool_tmpa_int=\count375
\l__datatool_tmpb_int=\count376
\l__datatool_tmpc_int=\count377
\l__datatool_tmpd_int=\count378
\l__datatool_count_int=\count379
\l__datatool_tmp_datatype_int=\count380
\l__datatool_tmpa_dim=\dimen322
\l__datatool_tmpb_dim=\dimen323
 (C:\Program Files\MiKTeX\tex/latex/datatool\datatool-l3fp.def
File: datatool-l3fp.def 2025/12/04 v3.4.3 (NLCT)
)
\@dtl@toks=\toks59
\@dtl@tmpcount=\count381
\dtl@tmplength=\skip97
\l__datatool_measure_box=\box105
\dtl@sortresult=\count382
 (C:\Program Files\MiKTeX\tex/latex/datatool\datatool-utf8.ldf
File: datatool-utf8.ldf 2025/12/04 v3.4.3 (NLCT)
)
\@dtl@datatype=\count383
\c_datatool_unknown_int=\count384
\l__datatool_year_int=\count385
\l__datatool_month_int=\count386
\l__datatool_day_int=\count387
\l__datatool_hour_int=\count388
\l__datatool_minute_int=\count389
\l__datatool_second_int=\count390
\l__datatool_tzhour_int=\count391
\l__datatool_tzminute_int=\count392
\l__datatool_julian_int=\count393
\l__datatool_local_julian_int=\count394
\l__datatool_prefix_int=\count395
\l__datatool_suffix_int=\count396
\@dtl@foreach@level=\count397


Package tracklang Warning: No `datatool' support for dialect `ngerman'  on input line 9924.

\dtl@codeA=\count398
\dtl@codeB=\count399
)
\gls@level=\count400
\@gls@tmpb=\toks60
\gls@tmplen=\skip98
\l__glossaries_tmpa_dim=\dimen324
\l__glossaries_tmpb_dim=\dimen325
\glskeylisttok=\toks61
\glslabeltok=\toks62
\glsshorttok=\toks63
\glslongtok=\toks64
 (C:\Program Files\MiKTeX\tex/latex/glossaries/styles\glossary-hypernav.sty
Package: glossary-hypernav 2026/03/06 v5.0 (NLCT)
) (C:\Program Files\MiKTeX\tex/latex/glossaries/styles\glossary-list.sty
Package: glossary-list 2026/03/06 v5.0 (NLCT)
\glslistdottedwidth=\skip99
) (C:\Program Files\MiKTeX\tex/latex/glossaries/styles\glossary-long.sty
Package: glossary-long 2026/03/06 v5.0 (NLCT)
\glsdescwidth=\skip100
\glspagelistwidth=\skip101
) (C:\Program Files\MiKTeX\tex/latex/glossaries/styles\glossary-super.sty
Package: glossary-super 2026/03/06 v5.0 (NLCT)
 (C:\Program Files\MiKTeX\tex/latex/supertabular\supertabular.sty
Package: supertabular 2025/06/26 v4.2d the supertabular environment
\c@tracingst=\count401
\ST@wd=\dimen326
\ST@rightskip=\skip102
\ST@leftskip=\skip103
\ST@parfillskip=\skip104
\ST@pageleft=\dimen327
\ST@headht=\dimen328
\ST@tailht=\dimen329
\ST@pagesofar=\dimen330
\ST@pboxht=\dimen331
\ST@rowht=\dimen332
\ST@prevht=\dimen333
\ST@toadd=\dimen334
\ST@dimen=\dimen335
\ST@pbox=\box106
)) (C:\Program Files\MiKTeX\tex/latex/glossaries/styles\glossary-tree.sty
Package: glossary-tree 2026/03/06 v5.0 (NLCT)
\l__glossaries_tree_max_known_level_int=\count402
\l__glossaries_tree_offset_dim=\dimen336
\l__glossaries_tree_namewidth_dim=\dimen337
\l__glossaries_tree_symbolwidth_dim=\dimen338
\l__glossaries_tree_prenamesym_width_dim=\dimen339
\l__glossaries_tree_presubnamesym_width_dim=\dimen340
\l__glossaries_tree_namewidth_padding_dim=\dimen341
\l__glossaries_tree_symbolwidth_padding_dim=\dimen342
\l__glossaries_tree_namesymbolwidth_dim=\dimen343
\l__glossaries_tree_namesymbolwidth_padding_dim=\dimen344
\l__glossaries_tree_level_int=\count403
\glstreeindent=\skip105
)) (C:\Program Files\MiKTeX\tex/latex/docmute\docmute.sty
Package: docmute 2012/03/22 v1.4 Input stand-alone documents
) (C:\Program Files\MiKTeX\tex/latex/tcolorbox\tcolorbox.sty
Package: tcolorbox 2025/11/28 version 6.9.0 text color boxes
 (C:\Program Files\MiKTeX\tex/latex/tools\verbatim.sty
Package: verbatim 2024-01-22 v1.5x LaTeX2e package for verbatim enhancements
\every@verbatim=\toks65
\verbatim@line=\toks66
\verbatim@in@stream=\read4
) (C:\Program Files\MiKTeX\tex/latex/environ\environ.sty
Package: environ 2014/05/04 v0.3 A new way to define environments
 (C:\Program Files\MiKTeX\tex/latex/trimspaces\trimspaces.sty
Package: trimspaces 2009/09/17 v1.1 Trim spaces around a token list
))
\tcb@titlebox=\box107
\tcb@upperbox=\box108
\tcb@lowerbox=\box109
\tcb@phantombox=\box110
\c@tcbbreakpart=\count404
\c@tcblayer=\count405
\c@tcolorbox@number=\count406
\l__tcobox_tmpa_box=\box111
\l__tcobox_tmpa_dim=\dimen345
\tcb@temp=\box112
\tcb@temp=\box113
\tcb@temp=\box114
\tcb@temp=\box115
 (C:\Program Files\MiKTeX\tex/latex/tcolorbox\tcbraster.code.tex
Library (tcolorbox): 'tcbraster.code.tex' version '6.9.0'
\c@tcbrastercolumn=\count407
\c@tcbrasterrow=\count408
\c@tcbrasternum=\count409
\c@tcbraster=\count410
) (C:\Program Files\MiKTeX\tex/latex/tcolorbox\tcbskins.code.tex
Library (tcolorbox): 'tcbskins.code.tex' version '6.9.0'
(C:\Program Files\MiKTeX\tex/latex/tikzfill\tikzfill.image.sty
Package: tikzfill.image 2023/08/08 v1.0.1 Image filling library for TikZ
 (C:\Program Files\MiKTeX\tex/latex/tikzfill\tikzfill-common.sty
Package: tikzfill-common 2023/08/08 v1.0.1 Auxiliary code for tikzfill
) (C:\Program Files\MiKTeX\tex/latex/tikzfill\tikzlibraryfill.image.code.tex
File: tikzlibraryfill.image.code.tex 2023/08/08 v1.0.1 Image filling library
\l__tikzfill_img_box=\box116
)) (C:\Program Files\MiKTeX\tex/latex/tcolorbox\tcbskinsjigsaw.code.tex
Library (tcolorbox): 'tcbskinsjigsaw.code.tex' version '6.9.0'
)) (C:\Program Files\MiKTeX\tex/latex/tcolorbox\tcbbreakable.code.tex
Library (tcolorbox): 'tcbbreakable.code.tex' version '6.9.0'
(C:\Program Files\MiKTeX\tex/latex/pdfcol\pdfcol.sty
Package: pdfcol 2022-09-21 v1.7 Handle new color stacks for pdfTeX (HO)
)
Package pdfcol Info: New color stack `tcb@breakable' = 1 on input line 23.
\tcb@testbox=\box117
\tcb@totalupperbox=\box118
\tcb@totallowerbox=\box119
) (C:\Program Files\MiKTeX\tex/latex/tcolorbox\tcbhooks.code.tex
Library (tcolorbox): 'tcbhooks.code.tex' version '6.9.0'
) (C:\Program Files\MiKTeX\tex/latex/tcolorbox\tcbtheorems.code.tex
Library (tcolorbox): 'tcbtheorems.code.tex' version '6.9.0'
) (C:\Program Files\MiKTeX\tex/latex/tcolorbox\tcbfitting.code.tex
Library (tcolorbox): 'tcbfitting.code.tex' version '6.9.0'
\tcbfitdim=\dimen346
\tcb@lowerfitdim=\dimen347
\tcb@upperfitdim=\dimen348
\tcb@cur@hbadness=\count411
) (C:\Program Files\MiKTeX\tex/latex/tcolorbox\tcblistingsutf8.code.tex
Library (tcolorbox): 'tcblistingsutf8.code.tex' version '6.9.0'
(C:\Program Files\MiKTeX\tex/latex/tcolorbox\tcblistings.code.tex
Library (tcolorbox): 'tcblistings.code.tex' version '6.9.0'
(C:\Program Files\MiKTeX\tex/latex/tcolorbox\tcblistingscore.code.tex
Library (tcolorbox): 'tcblistingscore.code.tex' version '6.9.0'
(C:\Program Files\MiKTeX\tex/latex/tcolorbox\tcbprocessing.code.tex
Library (tcolorbox): 'tcbprocessing.code.tex' version '6.9.0'
)
\c@tcblisting=\count412
)) (C:\Program Files\MiKTeX\tex/latex/listingsutf8\listingsutf8.sty
Package: listingsutf8 2019-12-10 v1.5 Allow UTF-8 in listings input (HO)
)) (C:\Program Files\MiKTeX\tex/latex/tcolorbox\tcbexternal.code.tex
Library (tcolorbox): 'tcbexternal.code.tex' version '6.9.0'
) (C:\Program Files\MiKTeX\tex/latex/tcolorbox\tcbmagazine.code.tex
Library (tcolorbox): 'tcbmagazine.code.tex' version '6.9.0'
) (C:\Program Files\MiKTeX\tex/latex/tcolorbox\tcbvignette.code.tex
Library (tcolorbox): 'tcbvignette.code.tex' version '6.9.0'
(C:\Program Files\MiKTeX\tex/generic/pgf/frontendlayer/tikz/libraries\tikzlibraryfadings.code.tex
File: tikzlibraryfadings.code.tex 2025-08-29 v3.1.11a (3.1.11a)
 (C:\Program Files\MiKTeX\tex/generic/pgf/libraries\pgflibraryfadings.code.tex
File: pgflibraryfadings.code.tex 2025-08-29 v3.1.11a (3.1.11a)
))) (C:\Program Files\MiKTeX\tex/latex/tcolorbox\tcbposter.code.tex
Library (tcolorbox): 'tcbposter.code.tex' version '6.9.0'
)) (C:\Program Files\MiKTeX\tex/latex/biblatex\biblatex.sty
Package: biblatex 2025/07/10 v3.21 programmable bibliographies (PK/MW)
 (C:\Program Files\MiKTeX\tex/latex/logreq\logreq.sty
Package: logreq 2010/08/04 v1.0 xml request logger
\lrq@indent=\count413
 (C:\Program Files\MiKTeX\tex/latex/logreq\logreq.def
File: logreq.def 2010/08/04 v1.0 logreq spec v1.0
))
\c@tabx@nest=\count414
\c@listtotal=\count415
\c@listcount=\count416
\c@liststart=\count417
\c@liststop=\count418
\c@citecount=\count419
\c@citetotal=\count420
\c@multicitecount=\count421
\c@multicitetotal=\count422
\c@instcount=\count423
\c@maxnames=\count424
\c@minnames=\count425
\c@maxitems=\count426
\c@minitems=\count427
\c@citecounter=\count428
\c@maxcitecounter=\count429
\c@savedcitecounter=\count430
\c@uniquelist=\count431
\c@uniquename=\count432
\c@refsection=\count433
\c@refsegment=\count434
\c@maxextratitle=\count435
\c@maxextratitleyear=\count436
\c@maxextraname=\count437
\c@maxextradate=\count438
\c@maxextraalpha=\count439
\c@abbrvpenalty=\count440
\c@highnamepenalty=\count441
\c@lownamepenalty=\count442
\c@maxparens=\count443
\c@parenlevel=\count444
\blx@tempcnta=\count445
\blx@tempcntb=\count446
\blx@tempcntc=\count447
\c@blx@maxsection=\count448
\blx@maxsegment@0=\count449
\blx@notetype=\count450
\blx@parenlevel@text=\count451
\blx@parenlevel@foot=\count452
\blx@sectionciteorder@0=\count453
\blx@sectionciteorderinternal@0=\count454
\blx@entrysetcounter=\count455
\blx@biblioinstance=\count456
\labelnumberwidth=\skip106
\labelalphawidth=\skip107
\biblabelsep=\skip108
\bibitemsep=\skip109
\bibnamesep=\skip110
\bibinitsep=\skip111
\bibparsep=\skip112
\bibhang=\skip113
\blx@bcfin=\read5
\blx@bcfout=\write4
\blx@langwohyphens=\language80
\c@mincomprange=\count457
\c@maxcomprange=\count458
\c@mincompwidth=\count459
Package biblatex Info: Trying to load biblatex default data model...
Package biblatex Info: ... file 'blx-dm.def' found.
 (C:\Program Files\MiKTeX\tex/latex/biblatex\blx-dm.def
File: blx-dm.def 2025/07/10 v3.21 biblatex datamodel (PK/MW)
)
Package biblatex Info: Trying to load biblatex style data model...
Package biblatex Info: ... file 'numeric.dbx' not found.
Package biblatex Info: Trying to load biblatex custom data model...
Package biblatex Info: ... file 'biblatex-dm.cfg' not found.
\c@afterword=\count460
\c@savedafterword=\count461
\c@annotator=\count462
\c@savedannotator=\count463
\c@author=\count464
\c@savedauthor=\count465
\c@bookauthor=\count466
\c@savedbookauthor=\count467
\c@commentator=\count468
\c@savedcommentator=\count469
\c@editor=\count470
\c@savededitor=\count471
\c@editora=\count472
\c@savededitora=\count473
\c@editorb=\count474
\c@savededitorb=\count475
\c@editorc=\count476
\c@savededitorc=\count477
\c@foreword=\count478
\c@savedforeword=\count479
\c@holder=\count480
\c@savedholder=\count481
\c@introduction=\count482
\c@savedintroduction=\count483
\c@namea=\count484
\c@savednamea=\count485
\c@nameb=\count486
\c@savednameb=\count487
\c@namec=\count488
\c@savednamec=\count489
\c@translator=\count490
\c@savedtranslator=\count491
\c@shortauthor=\count492
\c@savedshortauthor=\count493
\c@shorteditor=\count494
\c@savedshorteditor=\count495
\c@labelname=\count496
\c@savedlabelname=\count497
\c@institution=\count498
\c@savedinstitution=\count499
\c@lista=\count500
\c@savedlista=\count501
\c@listb=\count502
\c@savedlistb=\count503
\c@listc=\count504
\c@savedlistc=\count505
\c@listd=\count506
\c@savedlistd=\count507
\c@liste=\count508
\c@savedliste=\count509
\c@listf=\count510
\c@savedlistf=\count511
\c@location=\count512
\c@savedlocation=\count513
\c@organization=\count514
\c@savedorganization=\count515
\c@origlocation=\count516
\c@savedoriglocation=\count517
\c@origpublisher=\count518
\c@savedorigpublisher=\count519
\c@publisher=\count520
\c@savedpublisher=\count521
\c@language=\count522
\c@savedlanguage=\count523
\c@origlanguage=\count524
\c@savedoriglanguage=\count525
\c@pageref=\count526
\c@savedpageref=\count527
\shorthandwidth=\skip114
\shortjournalwidth=\skip115
\shortserieswidth=\skip116
\shorttitlewidth=\skip117
\shortauthorwidth=\skip118
\shorteditorwidth=\skip119
\locallabelnumberwidth=\skip120
\locallabelalphawidth=\skip121
\localshorthandwidth=\skip122
\localshortjournalwidth=\skip123
\localshortserieswidth=\skip124
\localshorttitlewidth=\skip125
\localshortauthorwidth=\skip126
\localshorteditorwidth=\skip127
Package biblatex Info: Trying to load compatibility code...
Package biblatex Info: ... file 'blx-compat.def' found.
 (C:\Program Files\MiKTeX\tex/latex/biblatex\blx-compat.def
File: blx-compat.def 2025/07/10 v3.21 biblatex compatibility (PK/MW)
)
Package biblatex Info: Trying to load generic definitions...
Package biblatex Info: ... file 'biblatex.def' found.
 (C:\Program Files\MiKTeX\tex/latex/biblatex\biblatex.def
File: biblatex.def 2025/07/10 v3.21 biblatex compatibility (PK/MW)
\c@textcitecount=\count528
\c@textcitetotal=\count529
\c@textcitemaxnames=\count530
\c@biburlbigbreakpenalty=\count531
\c@biburlbreakpenalty=\count532
\c@biburlnumpenalty=\count533
\c@biburlucpenalty=\count534
\c@biburllcpenalty=\count535
\biburlbigskip=\muskip19
\biburlnumskip=\muskip20
\biburlucskip=\muskip21
\biburllcskip=\muskip22
\c@smartand=\count536
)
Package biblatex Info: Trying to load bibliography style 'numeric'...
Package biblatex Info: ... file 'numeric.bbx' found.
 (C:\Program Files\MiKTeX\tex/latex/biblatex/bbx\numeric.bbx
File: numeric.bbx 2025/07/10 v3.21 biblatex bibliography style (PK/MW)
Package biblatex Info: Trying to load bibliography style 'standard'...
Package biblatex Info: ... file 'standard.bbx' found.
 (C:\Program Files\MiKTeX\tex/latex/biblatex/bbx\standard.bbx
File: standard.bbx 2025/07/10 v3.21 biblatex bibliography style (PK/MW)
\c@bbx:relatedcount=\count537
\c@bbx:relatedtotal=\count538
))
Package biblatex Info: Trying to load citation style 'numeric'...
Package biblatex Info: ... file 'numeric.cbx' found.
 (C:\Program Files\MiKTeX\tex/latex/biblatex/cbx\numeric.cbx
File: numeric.cbx 2025/07/10 v3.21 biblatex citation style (PK/MW)
Package biblatex Info: Redefining '\cite'.
Package biblatex Info: Redefining '\parencite'.
Package biblatex Info: Redefining '\footcite'.
Package biblatex Info: Redefining '\footcitetext'.
Package biblatex Info: Redefining '\smartcite'.
Package biblatex Info: Redefining '\supercite'.
Package biblatex Info: Redefining '\textcite'.
Package biblatex Info: Redefining '\textcites'.
Package biblatex Info: Redefining '\cites'.
Package biblatex Info: Redefining '\parencites'.
Package biblatex Info: Redefining '\smartcites'.
)
Package biblatex Info: Trying to load configuration file...
Package biblatex Info: ... file 'biblatex.cfg' found.
 (C:\Program Files\MiKTeX\tex/latex/biblatex\biblatex.cfg
File: biblatex.cfg 
)
Package biblatex Info: Input encoding 'utf8' detected.
Package biblatex Info: Document encoding is UTF8 ....
Package biblatex Info: ... and expl3
(biblatex)             2026-01-19 L3 programming layer (loader) 
(biblatex)             is new enough (at least 2020/04/06),
(biblatex)             setting 'casechanger=expl3'.
 (C:\Program Files\MiKTeX\tex/latex/biblatex\blx-case-expl3.sty
Package: blx-case-expl3 2025/07/10 v3.21 expl3 case changing code for biblatex
))) (../00_LATdef/DocSettings.tex
\c@MsNr=\count539
 (C:\Program Files\MiKTeX\tex/latex/listings\lstlang1.sty
File: lstlang1.sty 2025/11/14 1.11b listings language file
) (C:\Program Files\MiKTeX\tex/latex/listings\lstmisc.sty
File: lstmisc.sty 2025/11/14 1.11b (Carsten Heinz)
)) (DA_04_ACR.tex)
Class scrartcl Info: loading recommended package `bookmark'.
(scrartcl)           Using `bookmark' together with `hyperref' is recommended,
(scrartcl)           because of handling of possible bookmark level gaps.
(scrartcl)           You can avoid loading `bookmark' with KOMA-Script option
(scrartcl)           `bookmarkpackage=false' before \begin{document} and
(scrartcl)           you can avoid this message adding:
(scrartcl)             \usepackage{bookmark}
(scrartcl)           before \begin{document} on input line 30.
 (C:\Program Files\MiKTeX\tex/latex/bookmark\bookmark.sty
Package: bookmark 2023-12-10 v1.31 PDF bookmarks (HO)
 (C:\Program Files\MiKTeX\tex/latex/bookmark\bkm-pdftex.def
File: bkm-pdftex.def 2023-12-10 v1.31 bookmark driver for pdfTeX and luaTeX (HO)
\BKM@id=\count540
))

Package biblatex Warning: 'babel/polyglossia' detected but 'csquotes' missing.
(biblatex)                Loading 'csquotes' recommended.

\@quotelevel=\count541
\@quotereset=\count542
LaTeX Font Info:    Trying to load font information for T1+ua1 on input line 30.
(C:\Program Files\MiKTeX\tex/latex/arial\t1ua1.fd
File: t1ua1.fd 2006/03/21 Fontinst v1.928 font definitions for T1/ua1.
)
LaTeX Font Info:    Font shape `T1/ua1/m/n' will be
(Font)              scaled to size 11.39996pt on input line 30.


LaTeX Warning: Unused global option(s):
    [xcolor].

(d:\ZEC-Timing\docs\DA_Vorlage_HTL-Weiz\02_DOC_Main\Output\DA_ZEC-Timing.aux
Package babel Info: 'ngerman' activates 'german' shorthands.
(babel)             Reported on input line 15.
\g__glossaries_gls_ref_acronym_int=\count543
)
\openout1 = `DA_ZEC-Timing.aux'.

LaTeX Font Info:    Checking defaults for OML/cmm/m/it on input line 30.
LaTeX Font Info:    ... okay on input line 30.
LaTeX Font Info:    Checking defaults for OMS/cmsy/m/n on input line 30.
LaTeX Font Info:    ... okay on input line 30.
LaTeX Font Info:    Checking defaults for OT1/cmr/m/n on input line 30.
LaTeX Font Info:    ... okay on input line 30.
LaTeX Font Info:    Checking defaults for T1/cmr/m/n on input line 30.
LaTeX Font Info:    ... okay on input line 30.
LaTeX Font Info:    Checking defaults for TS1/cmr/m/n on input line 30.
LaTeX Font Info:    ... okay on input line 30.
LaTeX Font Info:    Checking defaults for OMX/cmex/m/n on input line 30.
LaTeX Font Info:    ... okay on input line 30.
LaTeX Font Info:    Checking defaults for U/cmr/m/n on input line 30.
LaTeX Font Info:    ... okay on input line 30.
LaTeX Font Info:    Checking defaults for PD1/pdf/m/n on input line 30.
LaTeX Font Info:    ... okay on input line 30.
LaTeX Font Info:    Checking defaults for PU/pdf/m/n on input line 30.
LaTeX Font Info:    ... okay on input line 30.
 (C:\Program Files\MiKTeX\tex/context/base/mkii\supp-pdf.mkii
[Loading MPS to PDF converter (version 2006.09.02).]
\scratchcounter=\count544
\scratchdimen=\dimen349
\scratchbox=\box120
\nofMPsegments=\count545
\nofMParguments=\count546
\everyMPshowfont=\toks67
\MPscratchCnt=\count547
\MPscratchDim=\dimen350
\MPnumerator=\count548
\makeMPintoPDFobject=\count549
\everyMPtoPDFconversion=\toks68
) (C:\Program Files\MiKTeX\tex/latex/epstopdf-pkg\epstopdf-base.sty
Package: epstopdf-base 2020-01-24 v2.11 Base part for package epstopdf
Package epstopdf-base Info: Redefining graphics rule for `.eps' on input line 485.
 (C:\Program Files\MiKTeX\tex/latex/00miktex\epstopdf-sys.cfg
File: epstopdf-sys.cfg 2021/03/18 v2.0 Configuration of epstopdf for MiKTeX
))
Package caption Info: Begin \AtBeginDocument code.
Package caption Info: hyperref package is loaded.
Package caption Info: listings package is loaded.
Package caption Info: longtable package is loaded.
 (C:\Program Files\MiKTeX\tex/latex/caption\ltcaption.sty
Package: ltcaption 2021/01/08 v1.4c longtable captions (AR)
)
Package caption Info: sidecap package is loaded.
Package caption Info: supertabular package is loaded.
Package caption Info: End \AtBeginDocument code.
 (C:\Program Files\MiKTeX\tex/latex/ragged2e\ragged2e.sty
Package: ragged2e 2023/06/22 v3.6 ragged2e Package
\CenteringLeftskip=\skip128
\RaggedLeftLeftskip=\skip129
\RaggedRightLeftskip=\skip130
\CenteringRightskip=\skip131
\RaggedLeftRightskip=\skip132
\RaggedRightRightskip=\skip133
\CenteringParfillskip=\skip134
\RaggedLeftParfillskip=\skip135
\RaggedRightParfillskip=\skip136
\JustifyingParfillskip=\skip137
\CenteringParindent=\skip138
\RaggedLeftParindent=\skip139
\RaggedRightParindent=\skip140
\JustifyingParindent=\skip141
)
*geometry* driver: auto-detecting
*geometry* detected driver: pdftex
*geometry* verbose mode - [ preamble ] result:
* driver: pdftex
* paper: a4paper
* layout: <same size as paper>
* layoutoffset:(h,v)=(0.0pt,0.0pt)
* modes: 
* h-part:(L,W,R)=(89.62709pt, 418.25368pt, 89.6271pt)
* v-part:(T,H,B)=(101.40665pt, 591.5302pt, 152.11pt)
* \paperwidth=597.50787pt
* \paperheight=845.04684pt
* \textwidth=455.24408pt
* \textheight=660.10384pt
* \oddsidemargin=11.38092pt
* \evensidemargin=11.38092pt
* \topmargin=-42.67912pt
* \headheight=65.0pt
* \headsep=34.14322pt
* \topskip=12.0pt
* \footskip=38.0pt
* \marginparwidth=0.0pt
* \marginparsep=0.0pt
* \columnsep=10.0pt
* \skip\footins=10.8pt plus 4.0pt minus 2.0pt
* \hoffset=-12.0pt
* \voffset=0.0pt
* \mag=1000
* \@twocolumnfalse
* \@twosidefalse
* \@mparswitchfalse
* \@reversemarginfalse
* (1in=72.27pt=25.4mm, 1cm=28.453pt)

(C:\Program Files\MiKTeX\tex/latex/pdflscape\pdflscape.sty
Package: pdflscape 2022-10-27 v0.13 Display of landscape pages in PDF
 (C:\Program Files\MiKTeX\tex/latex/pdflscape\pdflscape-nometadata.sty
Package: pdflscape-nometadata 2022-10-28 v0.13 Display of landscape pages in PDF (HO)
 (C:\Program Files\MiKTeX\tex/latex/graphics\lscape.sty
Package: lscape 2020/05/28 v3.02 Landscape Pages (DPC)
)
Package pdflscape Info: Auto-detected driver: pdftex on input line 81.
))
Package hyperref Info: Link coloring OFF on input line 30.
\c@lstlisting=\count550
Package tocbasic Info: setting babel extension for `lol' on input line 30.
\scr@dte@lstlisting@maxnumwidth=\skip142
Package biblatex Info: Trying to load language 'ngerman'...
Package biblatex Info: ... file 'ngerman.lbx' found.
 (C:\Program Files\MiKTeX\tex/latex/biblatex/lbx\ngerman.lbx
File: ngerman.lbx 2025/07/10 v3.21 biblatex localization (PK/MW)
Package biblatex Info: Trying to load language 'german'...
Package biblatex Info: ... file 'german.lbx' found.
 (C:\Program Files\MiKTeX\tex/latex/biblatex/lbx\german.lbx
File: german.lbx 2025/07/10 v3.21 biblatex localization (PK/MW)
)
Package biblatex Info: Trying to load language 'german'...
Package biblatex Info: ... file 'german.lbx' found.
 (C:\Program Files\MiKTeX\tex/latex/biblatex/lbx\german.lbx
File: german.lbx 2025/07/10 v3.21 biblatex localization (PK/MW)
))
Package biblatex Info: Input encoding 'utf8' detected.
Package biblatex Info: Automatic encoding selection.
(biblatex)             Assuming data encoding 'utf8'.
\openout4 = `DA_ZEC-Timing.bcf'.

Package biblatex Info: Trying to load bibliographic data...
Package biblatex Info: ... file 'DA_ZEC-Timing.bbl' found.
 (d:\ZEC-Timing\docs\DA_Vorlage_HTL-Weiz\02_DOC_Main\Output\DA_ZEC-Timing.bbl)
Package biblatex Info: Reference section=0 on input line 30.
Package biblatex Info: Reference segment=0 on input line 30.
\docmute@nestinglevel=\count551
 (DA_01_INTroduction.tex
LaTeX Font Info:    Trying to load font information for U+msa on input line 7.
 (C:\Program Files\MiKTeX\tex/latex/amsfonts\umsa.fd
File: umsa.fd 2013/01/14 v3.01 AMS symbols A
)
LaTeX Font Info:    Trying to load font information for U+msb on input line 7.
 (C:\Program Files\MiKTeX\tex/latex/amsfonts\umsb.fd
File: umsb.fd 2013/01/14 v3.01 AMS symbols B
)
LaTeX Font Info:    Font shape `T1/ua1/b/n' will be
(Font)              scaled to size 11.39996pt on input line 12.
LaTeX Font Info:    Font shape `T1/ua1/m/n' will be
(Font)              scaled to size 19.70294pt on input line 16.
LaTeX Font Info:    Font shape `T1/ua1/b/n' will be
(Font)              scaled to size 19.70294pt on input line 16.


pdfTeX warning: pdflatex (file d:/ZEC-Timing/docs/DA_Vorlage_HTL-Weiz/03_AUX/01_PICT/LogoDerDA.pdf): PDF inclusion: found PDF version <1.7>, but at most version <1.5> allowed
<../../03_AUX/01_PICT/LogoDerDA.pdf, id=42, 548.80031pt x 625.58719pt>
File: ../../03_AUX/01_PICT/LogoDerDA.pdf Graphic file (type pdf)
<use ../../03_AUX/01_PICT/LogoDerDA.pdf>
Package pdftex.def Info: ../../03_AUX/01_PICT/LogoDerDA.pdf  used on input line 22.
(pdftex.def)             Requested size: 227.62204pt x 259.47066pt.

Overfull \hbox (7.54724pt too wide) in paragraph at lines 26--40
[][] 
 []

<../../03_AUX/01_PICT/HTL-Weiz-Logo.pdf, id=43, 1008.76857pt x 434.58893pt>
File: ../../03_AUX/01_PICT/HTL-Weiz-Logo.pdf Graphic file (type pdf)
<use ../../03_AUX/01_PICT/HTL-Weiz-Logo.pdf>
Package pdftex.def Info: ../../03_AUX/01_PICT/HTL-Weiz-Logo.pdf  used on input line 41.
(pdftex.def)             Requested size: 91.04742pt x 39.22404pt.
LaTeX Font Info:    Font shape `T1/ua1/m/n' will be
(Font)              scaled to size 10.40245pt on input line 41.
LaTeX Font Info:    Font shape `T1/ua1/b/n' will be
(Font)              scaled to size 10.40245pt on input line 41.
LaTeX Font Info:    Font shape `T1/ua1/m/n' will be
(Font)              scaled to size 9.49997pt on input line 41.
LaTeX Font Info:    Font shape `T1/ua1/b/n' will be
(Font)              scaled to size 9.49997pt on input line 41.
<../../03_AUX/01_PICT/HTL-Weiz-IT-Logo.png, id=44, 250.9375pt x 250.9375pt>
File: ../../03_AUX/01_PICT/HTL-Weiz-IT-Logo.png Graphic file (type png)
<use ../../03_AUX/01_PICT/HTL-Weiz-IT-Logo.png>
Package pdftex.def Info: ../../03_AUX/01_PICT/HTL-Weiz-IT-Logo.png  used on input line 41.
(pdftex.def)             Requested size: 54.62706pt x 54.6244pt.
[1{C:/Users/David/AppData/Local/MiKTeX/fonts/map/pdftex/pdftex.map}{C:/Program Files/MiKTeX/fonts/enc/dvips/base/8r.enc}

 <d:/ZEC-Timing/docs/DA_Vorlage_HTL-Weiz/03_AUX/01_PICT/HTL-Weiz-Logo.pdf> <d:/ZEC-Timing/docs/DA_Vorlage_HTL-Weiz/03_AUX/01_PICT/HTL-Weiz-IT-Logo.png> <d:/ZEC-Timing/docs/DA_Vorlage_HTL-Weiz/03_AUX/01_PICT/LogoDerDA.pdf>]
<./../03_AUX/01_PICT///HTL_logo.pdf, id=75, 1008.76857pt x 434.58893pt>
File: ./../03_AUX/01_PICT///HTL_logo.pdf Graphic file (type pdf)
<use ./../03_AUX/01_PICT///HTL_logo.pdf>
Package pdftex.def Info: ./../03_AUX/01_PICT///HTL_logo.pdf  used on input line 41.
(pdftex.def)             Requested size: 70.621pt x 30.42433pt.
 [2 <./../03_AUX/01_PICT///HTL_logo.pdf>]
LaTeX Font Info:    Font shape `T1/ua1/b/n' will be
(Font)              scaled to size 16.41594pt on input line 49.

Underfull \hbox (badness 10000) in paragraph at lines 59--62

 []

File: ../../03_AUX/01_PICT/HTL-Weiz-Logo.pdf Graphic file (type pdf)
<use ../../03_AUX/01_PICT/HTL-Weiz-Logo.pdf>
Package pdftex.def Info: ../../03_AUX/01_PICT/HTL-Weiz-Logo.pdf  used on input line 69.
(pdftex.def)             Requested size: 91.04742pt x 39.22404pt.
File: ../../03_AUX/01_PICT/HTL-Weiz-IT-Logo.png Graphic file (type png)
<use ../../03_AUX/01_PICT/HTL-Weiz-IT-Logo.png>
Package pdftex.def Info: ../../03_AUX/01_PICT/HTL-Weiz-IT-Logo.png  used on input line 69.
(pdftex.def)             Requested size: 54.62706pt x 54.6244pt.
[3]
File: ../../03_AUX/01_PICT/HTL-Weiz-Logo.pdf Graphic file (type pdf)
<use ../../03_AUX/01_PICT/HTL-Weiz-Logo.pdf>
Package pdftex.def Info: ../../03_AUX/01_PICT/HTL-Weiz-Logo.pdf  used on input line 88.
(pdftex.def)             Requested size: 91.04742pt x 39.22404pt.
File: ../../03_AUX/01_PICT/HTL-Weiz-IT-Logo.png Graphic file (type png)
<use ../../03_AUX/01_PICT/HTL-Weiz-IT-Logo.png>
Package pdftex.def Info: ../../03_AUX/01_PICT/HTL-Weiz-IT-Logo.png  used on input line 88.
(pdftex.def)             Requested size: 54.62706pt x 54.6244pt.
 [4]
File: ./../03_AUX/01_PICT///HTL_logo.pdf Graphic file (type pdf)
<use ./../03_AUX/01_PICT///HTL_logo.pdf>
Package pdftex.def Info: ./../03_AUX/01_PICT///HTL_logo.pdf  used on input line 100.
(pdftex.def)             Requested size: 70.621pt x 30.42433pt.
 [5]
Overfull \hbox (38.22638pt too wide) in paragraph at lines 118--122
 [] 
 []

File: ../../03_AUX/01_PICT/HTL-Weiz-Logo.pdf Graphic file (type pdf)
<use ../../03_AUX/01_PICT/HTL-Weiz-Logo.pdf>
Package pdftex.def Info: ../../03_AUX/01_PICT/HTL-Weiz-Logo.pdf  used on input line 123.
(pdftex.def)             Requested size: 91.04742pt x 39.22404pt.
File: ../../03_AUX/01_PICT/HTL-Weiz-IT-Logo.png Graphic file (type png)
<use ../../03_AUX/01_PICT/HTL-Weiz-IT-Logo.png>
Package pdftex.def Info: ../../03_AUX/01_PICT/HTL-Weiz-IT-Logo.png  used on input line 123.
(pdftex.def)             Requested size: 54.62706pt x 54.6244pt.
[6] (d:\ZEC-Timing\docs\DA_Vorlage_HTL-Weiz\02_DOC_Main\Output\DA_ZEC-Timing.toc
File: ./../03_AUX/01_PICT///HTL_logo.pdf Graphic file (type pdf)
<use ./../03_AUX/01_PICT///HTL_logo.pdf>
Package pdftex.def Info: ./../03_AUX/01_PICT///HTL_logo.pdf  used on input line 42.
(pdftex.def)             Requested size: 70.621pt x 30.42433pt.
 [7])
\tf@toc=\write5
\openout5 = `DA_ZEC-Timing.toc'.

)
File: ./../03_AUX/01_PICT///HTL_logo.pdf Graphic file (type pdf)
<use ./../03_AUX/01_PICT///HTL_logo.pdf>
Package pdftex.def Info: ./../03_AUX/01_PICT///HTL_logo.pdf  used on input line 34.
(pdftex.def)             Requested size: 70.621pt x 30.42433pt.
 [8] (../02a_DOC_DPL1/DA_Diplomand_1.tex (../02a_DOC_DPL1/kap_01_ziele_aufgabenstellung.tex
LaTeX Font Info:    Font shape `T1/ua1/b/n' will be
(Font)              scaled to size 13.67995pt on input line 5.
LaTeX Font Info:    Font shape `T1/ua1/m/it' will be
(Font)              scaled to size 11.39996pt on input line 8.
LaTeX Font Info:    Trying to load font information for TS1+ua1 on input line 15.
 (C:\Program Files\MiKTeX\tex/latex/arial\ts1ua1.fd
File: ts1ua1.fd 2006/03/21 Fontinst v1.928 font definitions for TS1/ua1.
)
LaTeX Font Info:    Font shape `TS1/ua1/m/n' will be
(Font)              scaled to size 11.39996pt on input line 15.
File: ./../03_AUX/01_PICT///HTL_logo.pdf Graphic file (type pdf)
<use ./../03_AUX/01_PICT///HTL_logo.pdf>
Package pdftex.def Info: ./../03_AUX/01_PICT///HTL_logo.pdf  used on input line 24.
(pdftex.def)             Requested size: 70.621pt x 30.42433pt.
 [9])
File: ./../03_AUX/01_PICT///HTL_logo.pdf Graphic file (type pdf)
<use ./../03_AUX/01_PICT///HTL_logo.pdf>
Package pdftex.def Info: ./../03_AUX/01_PICT///HTL_logo.pdf  used on input line 27.
(pdftex.def)             Requested size: 70.621pt x 30.42433pt.
 [10] (../02a_DOC_DPL1/kap_02_theoretische_grundlagen.tex
<./../03_AUX/01_PICT/docker-mark-ocean-blue.png, id=274, 341.275pt x 269.005pt>
File: ./../03_AUX/01_PICT/docker-mark-ocean-blue.png Graphic file (type png)
<use ./../03_AUX/01_PICT/docker-mark-ocean-blue.png>
Package pdftex.def Info: ./../03_AUX/01_PICT/docker-mark-ocean-blue.png  used on input line 19.
(pdftex.def)             Requested size: 113.81102pt x 89.70778pt.
LaTeX Font Info:    Font shape `T1/ua1/m/it' will be
(Font)              scaled to size 10.40245pt on input line 21.
File: ./../03_AUX/01_PICT///HTL_logo.pdf Graphic file (type pdf)
<use ./../03_AUX/01_PICT///HTL_logo.pdf>
Package pdftex.def Info: ./../03_AUX/01_PICT///HTL_logo.pdf  used on input line 32.
(pdftex.def)             Requested size: 70.621pt x 30.42433pt.
 [11 <./../03_AUX/01_PICT/docker-mark-ocean-blue.png>]
File: ./../03_AUX/01_PICT///HTL_logo.pdf Graphic file (type pdf)
<use ./../03_AUX/01_PICT///HTL_logo.pdf>
Package pdftex.def Info: ./../03_AUX/01_PICT///HTL_logo.pdf  used on input line 57.
(pdftex.def)             Requested size: 70.621pt x 30.42433pt.
 [12]

Package hyperref Warning: Token not allowed in a PDF string (Unicode):
(hyperref)                removing `\gls' on input line 73.

File: ./../03_AUX/01_PICT///HTL_logo.pdf Graphic file (type pdf)
<use ./../03_AUX/01_PICT///HTL_logo.pdf>
Package pdftex.def Info: ./../03_AUX/01_PICT///HTL_logo.pdf  used on input line 78.
(pdftex.def)             Requested size: 70.621pt x 30.42433pt.
[13]) (../02a_DOC_DPL1/kap_03_technologieauswahl.tex
File: ./../03_AUX/01_PICT///HTL_logo.pdf Graphic file (type pdf)
<use ./../03_AUX/01_PICT///HTL_logo.pdf>
Package pdftex.def Info: ./../03_AUX/01_PICT///HTL_logo.pdf  used on input line 42.
(pdftex.def)             Requested size: 70.621pt x 30.42433pt.
 [14]
File: ./../03_AUX/01_PICT///HTL_logo.pdf Graphic file (type pdf)
<use ./../03_AUX/01_PICT///HTL_logo.pdf>
Package pdftex.def Info: ./../03_AUX/01_PICT///HTL_logo.pdf  used on input line 78.
(pdftex.def)             Requested size: 70.621pt x 30.42433pt.
 [15]
Overfull \hbox (21.78944pt too wide) in paragraph at lines 82--92
\T1/ua1/m/n/12 Als Web-Framework wur-de Fa-stA-PI ge-wählt. Fa-stA-PI ist ein mo-der-nes Python-Web-Framework,
 []

)
File: ./../03_AUX/01_PICT///HTL_logo.pdf Graphic file (type pdf)
<use ./../03_AUX/01_PICT///HTL_logo.pdf>
Package pdftex.def Info: ./../03_AUX/01_PICT///HTL_logo.pdf  used on input line 35.
(pdftex.def)             Requested size: 70.621pt x 30.42433pt.
 [16] (../02a_DOC_DPL1/kap_04_systemarchitektur.tex
Overfull \hbox (0.20793pt too wide) in paragraph at lines 11--18
\T1/ua1/m/n/12 Teams und Fah-rer dient, so-wie ei-nem Backend-Server, wel-cher als Microservice-Architektur
 []

<./../03_AUX/01_PICT/systemarchitektur.png, id=370, 6560.51pt x 7065.39626pt>
File: ./../03_AUX/01_PICT/systemarchitektur.png Graphic file (type png)
<use ./../03_AUX/01_PICT/systemarchitektur.png>
Package pdftex.def Info: ./../03_AUX/01_PICT/systemarchitektur.png  used on input line 21.
(pdftex.def)             Requested size: 398.33858pt x 428.97252pt.
File: ./../03_AUX/01_PICT///HTL_logo.pdf Graphic file (type pdf)
<use ./../03_AUX/01_PICT///HTL_logo.pdf>
Package pdftex.def Info: ./../03_AUX/01_PICT///HTL_logo.pdf  used on input line 25.
(pdftex.def)             Requested size: 70.621pt x 30.42433pt.
[17 <./../03_AUX/01_PICT/systemarchitektur.png>]
<./../03_AUX/01_PICT/datenbankschema_gesamt.png, id=381, 7344.43875pt x 8183.57375pt>
File: ./../03_AUX/01_PICT/datenbankschema_gesamt.png Graphic file (type png)
<use ./../03_AUX/01_PICT/datenbankschema_gesamt.png>
Package pdftex.def Info: ./../03_AUX/01_PICT/datenbankschema_gesamt.png  used on input line 38.
(pdftex.def)             Requested size: 426.79134pt x 475.50923pt.
File: ./../03_AUX/01_PICT///HTL_logo.pdf Graphic file (type pdf)
<use ./../03_AUX/01_PICT///HTL_logo.pdf>
Package pdftex.def Info: ./../03_AUX/01_PICT///HTL_logo.pdf  used on input line 42.
(pdftex.def)             Requested size: 70.621pt x 30.42433pt.
 [18 <./../03_AUX/01_PICT/datenbankschema_gesamt.png>]
LaTeX Info: Symbol \textrightarrow not provided by
            font family ua1 in TS1 encoding.
            Default family used instead on input line 54.
LaTeX Info: Symbol \textrightarrow not provided by
            font family ua1 in TS1 encoding.
            Default family used instead on input line 55.
LaTeX Info: Symbol \textrightarrow not provided by
            font family ua1 in TS1 encoding.
            Default family used instead on input line 56.
LaTeX Info: Symbol \textrightarrow not provided by
            font family ua1 in TS1 encoding.
            Default family used instead on input line 57.
LaTeX Info: Symbol \textrightarrow not provided by
            font family ua1 in TS1 encoding.
            Default family used instead on input line 58.
LaTeX Info: Symbol \textrightarrow not provided by
            font family ua1 in TS1 encoding.
            Default family used instead on input line 59.
File: ./../03_AUX/01_PICT///HTL_logo.pdf Graphic file (type pdf)
<use ./../03_AUX/01_PICT///HTL_logo.pdf>
Package pdftex.def Info: ./../03_AUX/01_PICT///HTL_logo.pdf  used on input line 78.
(pdftex.def)             Requested size: 70.621pt x 30.42433pt.
 [19]
Overfull \hbox (8.49478pt too wide) in paragraph at lines 86--89
[]\T1/ua1/m/n/12 Der Auth Ser-vice stellt drei in-ter-ne End-punk-te be-reit, wel-che aus-schlieÿ-lich vom [][]API[]-Gateway
 []

File: ./../03_AUX/01_PICT///HTL_logo.pdf Graphic file (type pdf)
<use ./../03_AUX/01_PICT///HTL_logo.pdf>
Package pdftex.def Info: ./../03_AUX/01_PICT///HTL_logo.pdf  used on input line 138.
(pdftex.def)             Requested size: 70.621pt x 30.42433pt.
[20]
File: ./../03_AUX/01_PICT///HTL_logo.pdf Graphic file (type pdf)
<use ./../03_AUX/01_PICT///HTL_logo.pdf>
Package pdftex.def Info: ./../03_AUX/01_PICT///HTL_logo.pdf  used on input line 181.
(pdftex.def)             Requested size: 70.621pt x 30.42433pt.
 [21]
File: ./../03_AUX/01_PICT///HTL_logo.pdf Graphic file (type pdf)
<use ./../03_AUX/01_PICT///HTL_logo.pdf>
Package pdftex.def Info: ./../03_AUX/01_PICT///HTL_logo.pdf  used on input line 217.
(pdftex.def)             Requested size: 70.621pt x 30.42433pt.
 [22]
File: ./../03_AUX/01_PICT///HTL_logo.pdf Graphic file (type pdf)
<use ./../03_AUX/01_PICT///HTL_logo.pdf>
Package pdftex.def Info: ./../03_AUX/01_PICT///HTL_logo.pdf  used on input line 260.
(pdftex.def)             Requested size: 70.621pt x 30.42433pt.
 [23]
File: ./../03_AUX/01_PICT///HTL_logo.pdf Graphic file (type pdf)
<use ./../03_AUX/01_PICT///HTL_logo.pdf>
Package pdftex.def Info: ./../03_AUX/01_PICT///HTL_logo.pdf  used on input line 337.
(pdftex.def)             Requested size: 70.621pt x 30.42433pt.
 [24]
File: ./../03_AUX/01_PICT///HTL_logo.pdf Graphic file (type pdf)
<use ./../03_AUX/01_PICT///HTL_logo.pdf>
Package pdftex.def Info: ./../03_AUX/01_PICT///HTL_logo.pdf  used on input line 371.
(pdftex.def)             Requested size: 70.621pt x 30.42433pt.
 [25]
<./../03_AUX/01_PICT/viewer_leaderboard_anzeige.png, id=469, 1437.11906pt x 721.19438pt>
File: ./../03_AUX/01_PICT/viewer_leaderboard_anzeige.png Graphic file (type png)
<use ./../03_AUX/01_PICT/viewer_leaderboard_anzeige.png>
Package pdftex.def Info: ./../03_AUX/01_PICT/viewer_leaderboard_anzeige.png  used on input line 408.
(pdftex.def)             Requested size: 455.24408pt x 228.45395pt.
<./../03_AUX/01_PICT/teamlead_teams_anzeige.png, id=470, 1434.10782pt x 716.6775pt>
File: ./../03_AUX/01_PICT/teamlead_teams_anzeige.png Graphic file (type png)
<use ./../03_AUX/01_PICT/teamlead_teams_anzeige.png>
Package pdftex.def Info: ./../03_AUX/01_PICT/teamlead_teams_anzeige.png  used on input line 414.
(pdftex.def)             Requested size: 455.24408pt x 227.49336pt.
<./../03_AUX/01_PICT/admin_team_anzeige.png, id=471, 1435.61343pt x 721.19438pt>
File: ./../03_AUX/01_PICT/admin_team_anzeige.png Graphic file (type png)
<use ./../03_AUX/01_PICT/admin_team_anzeige.png>
Package pdftex.def Info: ./../03_AUX/01_PICT/admin_team_anzeige.png  used on input line 420.
(pdftex.def)             Requested size: 455.24408pt x 228.69606pt.
File: ./../03_AUX/01_PICT///HTL_logo.pdf Graphic file (type pdf)
<use ./../03_AUX/01_PICT///HTL_logo.pdf>
Package pdftex.def Info: ./../03_AUX/01_PICT///HTL_logo.pdf  used on input line 424.
(pdftex.def)             Requested size: 70.621pt x 30.42433pt.
 [26 <./../03_AUX/01_PICT/viewer_leaderboard_anzeige.png>]
File: ./../03_AUX/01_PICT///HTL_logo.pdf Graphic file (type pdf)
<use ./../03_AUX/01_PICT///HTL_logo.pdf>
Package pdftex.def Info: ./../03_AUX/01_PICT///HTL_logo.pdf  used on input line 424.
(pdftex.def)             Requested size: 70.621pt x 30.42433pt.
 [27 <./../03_AUX/01_PICT/teamlead_teams_anzeige.png> <./../03_AUX/01_PICT/admin_team_anzeige.png>]) (../02a_DOC_DPL1/kap_05_implementation.tex
\g__tcobox_out_iow=\write6
\openout6 = `DA_ZEC-Timing.listing'.

 (C:\Program Files\MiKTeX\tex/latex/listings\lstlang1.sty
File: lstlang1.sty 2025/11/14 1.11b listings language file
) (d:\ZEC-Timing\docs\DA_Vorlage_HTL-Weiz\02_DOC_Main\Output\DA_ZEC-Timing.listing
LaTeX Font Info:    Font shape `T1/ua1/m/n' will be
(Font)              scaled to size 5.69998pt on input line 1.
)
File: ./../03_AUX/01_PICT///HTL_logo.pdf Graphic file (type pdf)
<use ./../03_AUX/01_PICT///HTL_logo.pdf>
Package pdftex.def Info: ./../03_AUX/01_PICT///HTL_logo.pdf  used on input line 49.
(pdftex.def)             Requested size: 70.621pt x 30.42433pt.
 [28]
\openout6 = `DA_ZEC-Timing.listing'.

 (d:\ZEC-Timing\docs\DA_Vorlage_HTL-Weiz\02_DOC_Main\Output\DA_ZEC-Timing.listing)
\openout6 = `DA_ZEC-Timing.listing'.

 (C:\Program Files\MiKTeX\tex/latex/listings\lstlang1.sty
File: lstlang1.sty 2025/11/14 1.11b listings language file
) (C:\Program Files\MiKTeX\tex/latex/listings\lstlang1.sty
File: lstlang1.sty 2025/11/14 1.11b listings language file
) (d:\ZEC-Timing\docs\DA_Vorlage_HTL-Weiz\02_DOC_Main\Output\DA_ZEC-Timing.listing)
File: ./../03_AUX/01_PICT///HTL_logo.pdf Graphic file (type pdf)
<use ./../03_AUX/01_PICT///HTL_logo.pdf>
Package pdftex.def Info: ./../03_AUX/01_PICT///HTL_logo.pdf  used on input line 85.
(pdftex.def)             Requested size: 70.621pt x 30.42433pt.
 [29
pdfTeX warning (ext4): destination with the same identifier (name{lstnumber.0.1}) has been already used, duplicate ignored
<argument> ...shipout:D \box_use:N \l_shipout_box 
                                                  \__shipout_drop_firstpage_...
l.85 \newpage
             ]
\openout6 = `DA_ZEC-Timing.listing'.

 (d:\ZEC-Timing\docs\DA_Vorlage_HTL-Weiz\02_DOC_Main\Output\DA_ZEC-Timing.listing)
\openout6 = `DA_ZEC-Timing.listing'.

 (d:\ZEC-Timing\docs\DA_Vorlage_HTL-Weiz\02_DOC_Main\Output\DA_ZEC-Timing.listing)
\openout6 = `DA_ZEC-Timing.listing'.

 (d:\ZEC-Timing\docs\DA_Vorlage_HTL-Weiz\02_DOC_Main\Output\DA_ZEC-Timing.listing)
File: ./../03_AUX/01_PICT///HTL_logo.pdf Graphic file (type pdf)
<use ./../03_AUX/01_PICT///HTL_logo.pdf>
Package pdftex.def Info: ./../03_AUX/01_PICT///HTL_logo.pdf  used on input line 136.
(pdftex.def)             Requested size: 70.621pt x 30.42433pt.
 [30]
\openout6 = `DA_ZEC-Timing.listing'.

 (d:\ZEC-Timing\docs\DA_Vorlage_HTL-Weiz\02_DOC_Main\Output\DA_ZEC-Timing.listing)
\openout6 = `DA_ZEC-Timing.listing'.

 (d:\ZEC-Timing\docs\DA_Vorlage_HTL-Weiz\02_DOC_Main\Output\DA_ZEC-Timing.listing
pdfTeX warning (ext4): destination with the same identifier (name{lstnumber.0.1}) has been already used, duplicate ignored
<to be read again> 
                   \relax 
l.1 def 
        create_team(*, db: SessionDep, team: TeamCreate):
pdfTeX warning (ext4): destination with the same identifier (name{lstnumber.0.2}) has been already used, duplicate ignored
<to be read again> 
                   \relax 
l.2  
        try:
pdfTeX warning (ext4): destination with the same identifier (name{lstnumber.0.3}) has been already used, duplicate ignored
<to be read again> 
                   \relax 
l.3  
            db_team = Team(**team.model_dump(exclude_unset=True))
pdfTeX warning (ext4): destination with the same identifier (name{lstnumber.0.4}) has been already used, duplicate ignored
<to be read again> 
                   \relax 
l.4  
            db.add(db_team)
pdfTeX warning (ext4): destination with the same identifier (name{lstnumber.0.5}) has been already used, duplicate ignored
<to be read again> 
                   \relax 
l.5  
            db.commit()
pdfTeX warning (ext4): destination with the same identifier (name{lstnumber.0.6}) has been already used, duplicate ignored
<to be read again> 
                   \relax 
l.6  
            db.refresh(db_team)
pdfTeX warning (ext4): destination with the same identifier (name{lstnumber.0.7}) has been already used, duplicate ignored
<to be read again> 
                   \relax 
l.7  
            return db_team
pdfTeX warning (ext4): destination with the same identifier (name{lstnumber.0.8}) has been already used, duplicate ignored
<to be read again> 
                   \relax 
l.8  
        except Exception as exc:
pdfTeX warning (ext4): destination with the same identifier (name{lstnumber.0.9}) has been already used, duplicate ignored
<to be read again> 
                   \relax 
l.9  
            db.rollback()
pdfTeX warning (ext4): destination with the same identifier (name{lstnumber.0.10}) has been already used, duplicate ignored
<to be read again> 
                   \relax 
l.10  
             raise ServiceError() from exc)
Overfull \hbox (12.51826pt too wide) in paragraph at lines 153--167
[]\T1/ua1/m/n/12 Beim Er-stel-len ei-nes Teams wird das ein-ge-hen-de Pydantic-Schema di-rekt in ein SQLAlchemy-
 []

File: ./../03_AUX/01_PICT///HTL_logo.pdf Graphic file (type pdf)
<use ./../03_AUX/01_PICT///HTL_logo.pdf>
Package pdftex.def Info: ./../03_AUX/01_PICT///HTL_logo.pdf  used on input line 169.
(pdftex.def)             Requested size: 70.621pt x 30.42433pt.
[31]
\openout6 = `DA_ZEC-Timing.listing'.

 (d:\ZEC-Timing\docs\DA_Vorlage_HTL-Weiz\02_DOC_Main\Output\DA_ZEC-Timing.listing
pdfTeX warning (ext4): destination with the same identifier (name{lstnumber.0.1}) has been already used, duplicate ignored
<to be read again> 
                   \relax 
l.1 def 
        update_team(*, db: SessionDep, team_id: int,
pdfTeX warning (ext4): destination with the same identifier (name{lstnumber.0.2}) has been already used, duplicate ignored
<to be read again> 
                   \relax 
l.2  
                    team_update: TeamUpdate, request: Request):
pdfTeX warning (ext4): destination with the same identifier (name{lstnumber.0.3}) has been already used, duplicate ignored
<to be read again> 
                   \relax 
l.3  
        check_team_permissions(db=db, team_id=team_id, request=request)
pdfTeX warning (ext4): destination with the same identifier (name{lstnumber.0.4}) has been already used, duplicate ignored
<to be read again> 
                   \relax 
l.4  
        try:
pdfTeX warning (ext4): destination with the same identifier (name{lstnumber.0.5}) has been already used, duplicate ignored
<to be read again> 
                   \relax 
l.5  
            db_team = get_team(db=db, team_id=team_id, request=request)
pdfTeX warning (ext4): destination with the same identifier (name{lstnumber.0.6}) has been already used, duplicate ignored
<to be read again> 
                   \relax 
l.6  
            update_data = team_update.model_dump(
pdfTeX warning (ext4): destination with the same identifier (name{lstnumber.0.7}) has been already used, duplicate ignored
<to be read again> 
                   \relax 
l.7  
                exclude_unset=True,
pdfTeX warning (ext4): destination with the same identifier (name{lstnumber.0.8}) has been already used, duplicate ignored
<to be read again> 
                   \relax 
l.8  
                exclude={"id"},
pdfTeX warning (ext4): destination with the same identifier (name{lstnumber.0.9}) has been already used, duplicate ignored
<to be read again> 
                   \relax 
l.9  
            )
pdfTeX warning (ext4): destination with the same identifier (name{lstnumber.0.10}) has been already used, duplicate ignored
<to be read again> 
                   \relax 
l.10  
             for field, value in update_data.items():
pdfTeX warning (ext4): destination with the same identifier (name{lstnumber.0.11}) has been already used, duplicate ignored
<to be read again> 
                   \relax 
l.11  
                 setattr(db_team, field, value)
pdfTeX warning (ext4): destination with the same identifier (name{lstnumber.0.12}) has been already used, duplicate ignored
<to be read again> 
                   \relax 
l.12  
             db.commit())
File: ./../03_AUX/01_PICT///HTL_logo.pdf Graphic file (type pdf)
<use ./../03_AUX/01_PICT///HTL_logo.pdf>
Package pdftex.def Info: ./../03_AUX/01_PICT///HTL_logo.pdf  used on input line 202.
(pdftex.def)             Requested size: 70.621pt x 30.42433pt.
 [32]
\openout6 = `DA_ZEC-Timing.listing'.

 (d:\ZEC-Timing\docs\DA_Vorlage_HTL-Weiz\02_DOC_Main\Output\DA_ZEC-Timing.listing
pdfTeX warning (ext4): destination with the same identifier (name{lstnumber.0.1}) has been already used, duplicate ignored
<to be read again> 
                   \relax 
l.1 def 
        delete_team(*, db: SessionDep, team_id: int, request: Request):
pdfTeX warning (ext4): destination with the same identifier (name{lstnumber.0.2}) has been already used, duplicate ignored
<to be read again> 
                   \relax 
l.2  
        check_team_permissions(db=db, team_id=team_id, request=request)
pdfTeX warning (ext4): destination with the same identifier (name{lstnumber.0.3}) has been already used, duplicate ignored
<to be read again> 
                   \relax 
l.3  
        try:
pdfTeX warning (ext4): destination with the same identifier (name{lstnumber.0.4}) has been already used, duplicate ignored
<to be read again> 
                   \relax 
l.4  
            db_team = get_team(db=db, team_id=team_id, request=request)
pdfTeX warning (ext4): destination with the same identifier (name{lstnumber.0.5}) has been already used, duplicate ignored
<to be read again> 
                   \relax 
l.5  
            db.delete(db_team)
pdfTeX warning (ext4): destination with the same identifier (name{lstnumber.0.6}) has been already used, duplicate ignored
<to be read again> 
                   \relax 
l.6  
            db.commit()
pdfTeX warning (ext4): destination with the same identifier (name{lstnumber.0.7}) has been already used, duplicate ignored
<to be read again> 
                   \relax 
l.7  
            return db_team
pdfTeX warning (ext4): destination with the same identifier (name{lstnumber.0.8}) has been already used, duplicate ignored
<to be read again> 
                   \relax 
l.8  
        except EntityDoesNotExistError:
pdfTeX warning (ext4): destination with the same identifier (name{lstnumber.0.9}) has been already used, duplicate ignored
<to be read again> 
                   \relax 
l.9  
            db.rollback()
pdfTeX warning (ext4): destination with the same identifier (name{lstnumber.0.10}) has been already used, duplicate ignored
<to be read again> 
                   \relax 
l.10  
             raise
pdfTeX warning (ext4): destination with the same identifier (name{lstnumber.0.11}) has been already used, duplicate ignored
<to be read again> 
                   \relax 
l.11  
         except Exception as exc:
pdfTeX warning (ext4): destination with the same identifier (name{lstnumber.0.12}) has been already used, duplicate ignored
<to be read again> 
                   \relax 
l.12  
             db.rollback()
pdfTeX warning (ext4): destination with the same identifier (name{lstnumber.0.13}) has been already used, duplicate ignored
<to be read again> 
                   \relax 
l.13  
             raise ServiceError() from exc)
\openout6 = `DA_ZEC-Timing.listing'.

 (d:\ZEC-Timing\docs\DA_Vorlage_HTL-Weiz\02_DOC_Main\Output\DA_ZEC-Timing.listing
pdfTeX warning (ext4): destination with the same identifier (name{lstnumber.0.1}) has been already used, duplicate ignored
<to be read again> 
                   \relax 
l.1 def 
        check_team_permissions(*, db: SessionDep,
pdfTeX warning (ext4): destination with the same identifier (name{lstnumber.0.2}) has been already used, duplicate ignored
<to be read again> 
                   \relax 
l.2  
                               team_id: int | None = None,
pdfTeX warning (ext4): destination with the same identifier (name{lstnumber.0.3}) has been already used, duplicate ignored
<to be read again> 
                   \relax 
l.3  
                               request: Request):
pdfTeX warning (ext4): destination with the same identifier (name{lstnumber.0.4}) has been already used, duplicate ignored
<to be read again> 
                   \relax 
l.4  
        role = request.headers.get("X-Role")
pdfTeX warning (ext4): destination with the same identifier (name{lstnumber.0.5}) has been already used, duplicate ignored
<to be read again> 
                   \relax 
l.5  
        user_team_id = request.headers.get("X-Team-Id")
pdfTeX warning (ext4): destination with the same identifier (name{lstnumber.0.6}) has been already used, duplicate ignored
<to be read again> 
                   \relax 
l.6  
        if role == "TEAM_LEAD" and team_id is not None:
pdfTeX warning (ext4): destination with the same identifier (name{lstnumber.0.7}) has been already used, duplicate ignored
<to be read again> 
                   \relax 
l.7  
            if int(team_id) != int(user_team_id):
pdfTeX warning (ext4): destination with the same identifier (name{lstnumber.0.8}) has been already used, duplicate ignored
<to be read again> 
                   \relax 
l.8  
                raise InsufficientPermissions(
pdfTeX warning (ext4): destination with the same identifier (name{lstnumber.0.9}) has been already used, duplicate ignored
<to be read again> 
                   \relax 
l.9  
                    "Teamleads can only operate on their own team."
pdfTeX warning (ext4): destination with the same identifier (name{lstnumber.0.10}) has been already used, duplicate ignored
<to be read again> 
                   \relax 
l.10  
                 ))
File: ./../03_AUX/01_PICT///HTL_logo.pdf Graphic file (type pdf)
<use ./../03_AUX/01_PICT///HTL_logo.pdf>
Package pdftex.def Info: ./../03_AUX/01_PICT///HTL_logo.pdf  used on input line 254.
(pdftex.def)             Requested size: 70.621pt x 30.42433pt.
 [33]
<./../03_AUX/01_PICT/login_ablauf.png, id=614, 7061.38126pt x 3919.64375pt>
File: ./../03_AUX/01_PICT/login_ablauf.png Graphic file (type png)
<use ./../03_AUX/01_PICT/login_ablauf.png>
Package pdftex.def Info: ./../03_AUX/01_PICT/login_ablauf.png  used on input line 265.
(pdftex.def)             Requested size: 455.24408pt x 252.69247pt.
File: ./../03_AUX/01_PICT///HTL_logo.pdf Graphic file (type pdf)
<use ./../03_AUX/01_PICT///HTL_logo.pdf>
Package pdftex.def Info: ./../03_AUX/01_PICT///HTL_logo.pdf  used on input line 270.
(pdftex.def)             Requested size: 70.621pt x 30.42433pt.
 [34 <./../03_AUX/01_PICT/login_ablauf.png>]
<./../03_AUX/01_PICT/AuthentifizierteAnfrage.png, id=623, 6584.6pt x 4853.13126pt>
File: ./../03_AUX/01_PICT/AuthentifizierteAnfrage.png Graphic file (type png)
<use ./../03_AUX/01_PICT/AuthentifizierteAnfrage.png>
Package pdftex.def Info: ./../03_AUX/01_PICT/AuthentifizierteAnfrage.png  used on input line 284.
(pdftex.def)             Requested size: 455.24408pt x 335.5329pt.
File: ./../03_AUX/01_PICT///HTL_logo.pdf Graphic file (type pdf)
<use ./../03_AUX/01_PICT///HTL_logo.pdf>
Package pdftex.def Info: ./../03_AUX/01_PICT///HTL_logo.pdf  used on input line 289.
(pdftex.def)             Requested size: 70.621pt x 30.42433pt.
 [35 <./../03_AUX/01_PICT/AuthentifizierteAnfrage.png>]
<./../03_AUX/01_PICT/token_refresh.png, id=632, 7648.575pt x 4853.13126pt>
File: ./../03_AUX/01_PICT/token_refresh.png Graphic file (type png)
<use ./../03_AUX/01_PICT/token_refresh.png>
Package pdftex.def Info: ./../03_AUX/01_PICT/token_refresh.png  used on input line 301.
(pdftex.def)             Requested size: 455.24408pt x 288.80562pt.

Overfull \hbox (7.9355pt too wide) in paragraph at lines 309--314
\T1/ua1/m/n/12 Die Ser-vices kom-mu-ni-zie-ren un-ter-ein-an-der über syn-chro-ne HTTP-Aufrufe mit-tels der Python-
 []

\openout6 = `DA_ZEC-Timing.listing'.

(d:\ZEC-Timing\docs\DA_Vorlage_HTL-Weiz\02_DOC_Main\Output\DA_ZEC-Timing.listing
pdfTeX warning (ext4): destination with the same identifier (name{lstnumber.0.1}) has been already used, duplicate ignored
<to be read again> 
                   \relax 
l.1 def 
        _validate_team(team_id: int):
pdfTeX warning (ext4): destination with the same identifier (name{lstnumber.0.2}) has been already used, duplicate ignored
<to be read again> 
                   \relax 
l.2  
        resp = requests.get(f"{TEAM_URL}/api/teams/{team_id}")
pdfTeX warning (ext4): destination with the same identifier (name{lstnumber.0.3}) has been already used, duplicate ignored
<to be read again> 
                   \relax 
l.3  
        if resp.status_code == 404:
pdfTeX warning (ext4): destination with the same identifier (name{lstnumber.0.4}) has been already used, duplicate ignored
<to be read again> 
                   \relax 
l.4  
            raise EntityDoesNotExistError(f"Team {team_id} does not exist")
pdfTeX warning (ext4): destination with the same identifier (name{lstnumber.0.5}) has been already used, duplicate ignored
<to be read again> 
                   \relax 
l.5  
        if resp.status_code in (401, 403):
pdfTeX warning (ext4): destination with the same identifier (name{lstnumber.0.6}) has been already used, duplicate ignored
<to be read again> 
                   \relax 
l.6  
            raise AuthenticationFailed(f"Unauthorized to fetch team {team_id}")
pdfTeX warning (ext4): destination with the same identifier (name{lstnumber.0.7}) has been already used, duplicate ignored
<to be read again> 
                   \relax 
l.7  
        if resp.status_code != 200:
pdfTeX warning (ext4): destination with the same identifier (name{lstnumber.0.8}) has been already used, duplicate ignored
<to be read again> 
                   \relax 
l.8  
            raise ServiceError(f"Failed to fetch team {team_id}: {resp.text}")
pdfTeX warning (ext4): destination with the same identifier (name{lstnumber.0.9}) has been already used, duplicate ignored
<to be read again> 
                   \relax 
l.10 def 
         create_attempt(*, db: SessionDep, attempt: AttemptCreate):
pdfTeX warning (ext4): destination with the same identifier (name{lstnumber.0.10}) has been already used, duplicate ignored
<to be read again> 
                   \relax 
l.10 def 
         create_attempt(*, db: SessionDep, attempt: AttemptCreate):
pdfTeX warning (ext4): destination with the same identifier (name{lstnumber.0.11}) has been already used, duplicate ignored
<to be read again> 
                   \relax 
l.11  
         _validate_team(attempt.team_id)
pdfTeX warning (ext4): destination with the same identifier (name{lstnumber.0.12}) has been already used, duplicate ignored
<to be read again> 
                   \relax 
l.12  
         _validate_driver(attempt.driver_id)
pdfTeX warning (ext4): destination with the same identifier (name{lstnumber.0.13}) has been already used, duplicate ignored
<to be read again> 
                   \relax 
l.13  
         _validate_challenge(attempt.challenge_id)
pdfTeX warning (ext4): destination with the same identifier (name{lstnumber.0.14}) has been already used, duplicate ignored
<to be read again> 
                   \relax 
l.14  
         # ...)
File: ./../03_AUX/01_PICT///HTL_logo.pdf Graphic file (type pdf)
<use ./../03_AUX/01_PICT///HTL_logo.pdf>
Package pdftex.def Info: ./../03_AUX/01_PICT///HTL_logo.pdf  used on input line 337.
(pdftex.def)             Requested size: 70.621pt x 30.42433pt.
 [36 <./../03_AUX/01_PICT/token_refresh.png>]
\openout6 = `DA_ZEC-Timing.listing'.

 (d:\ZEC-Timing\docs\DA_Vorlage_HTL-Weiz\02_DOC_Main\Output\DA_ZEC-Timing.listing)
File: ./../03_AUX/01_PICT///HTL_logo.pdf Graphic file (type pdf)
<use ./../03_AUX/01_PICT///HTL_logo.pdf>
Package pdftex.def Info: ./../03_AUX/01_PICT///HTL_logo.pdf  used on input line 374.
(pdftex.def)             Requested size: 70.621pt x 30.42433pt.
 [37]
\openout6 = `DA_ZEC-Timing.listing'.

 (d:\ZEC-Timing\docs\DA_Vorlage_HTL-Weiz\02_DOC_Main\Output\DA_ZEC-Timing.listing
pdfTeX warning (ext4): destination with the same identifier (name{lstnumber.0.1}) has been already used, duplicate ignored
<to be read again> 
                   \relax 
l.1 export 
           async function authenticatedFetch(
pdfTeX warning (ext4): destination with the same identifier (name{lstnumber.0.2}) has been already used, duplicate ignored
<to be read again> 
                   \relax 
l.2  
      url: string,
pdfTeX warning (ext4): destination with the same identifier (name{lstnumber.0.3}) has been already used, duplicate ignored
<to be read again> 
                   \relax 
l.3  
      options: RequestInit = {}
pdfTeX warning (ext4): destination with the same identifier (name{lstnumber.0.4}) has been already used, duplicate ignored
<to be read again> 
                   \relax 
l.4 )
     : Promise<Response> {
pdfTeX warning (ext4): destination with the same identifier (name{lstnumber.0.5}) has been already used, duplicate ignored
<to be read again> 
                   \relax 
l.5  
      const token = await AuthService.getValidToken()
pdfTeX warning (ext4): destination with the same identifier (name{lstnumber.0.6}) has been already used, duplicate ignored
<to be read again> 
                   \relax 
l.7  
      if (!token) {
pdfTeX warning (ext4): destination with the same identifier (name{lstnumber.0.7}) has been already used, duplicate ignored
<to be read again> 
                   \relax 
l.7  
      if (!token) {
pdfTeX warning (ext4): destination with the same identifier (name{lstnumber.0.8}) has been already used, duplicate ignored
<to be read again> 
                   \relax 
l.8  
        window.dispatchEvent(new Event('auth:session-expired'))
pdfTeX warning (ext4): destination with the same identifier (name{lstnumber.0.9}) has been already used, duplicate ignored
<to be read again> 
                   \relax 
l.9  
        throw new Error('Not authenticated')
pdfTeX warning (ext4): destination with the same identifier (name{lstnumber.0.10}) has been already used, duplicate ignored
<to be read again> 
                   \relax 
l.10  
       }
pdfTeX warning (ext4): destination with the same identifier (name{lstnumber.0.11}) has been already used, duplicate ignored
<to be read again> 
                   \relax 
l.12  
       const headers = new Headers(options.headers)
pdfTeX warning (ext4): destination with the same identifier (name{lstnumber.0.12}) has been already used, duplicate ignored
<to be read again> 
                   \relax 
l.12  
       const headers = new Headers(options.headers)
pdfTeX warning (ext4): destination with the same identifier (name{lstnumber.0.13}) has been already used, duplicate ignored
<to be read again> 
                   \relax 
l.13  
       headers.set('Authorization', `Bearer ${token}`)
pdfTeX warning (ext4): destination with the same identifier (name{lstnumber.0.14}) has been already used, duplicate ignored
<to be read again> 
                   \relax 
l.14  
       if (!(options.body instanceof FormData)) {
pdfTeX warning (ext4): destination with the same identifier (name{lstnumber.0.15}) has been already used, duplicate ignored
<to be read again> 
                   \relax 
l.15  
         headers.set('Content-Type', 'application/json')
pdfTeX warning (ext4): destination with the same identifier (name{lstnumber.0.16}) has been already used, duplicate ignored
<to be read again> 
                   \relax 
l.16  
       }
pdfTeX warning (ext4): destination with the same identifier (name{lstnumber.0.17}) has been already used, duplicate ignored
<to be read again> 
                   \relax 
l.17  
       return fetch(url, { ...options, headers })
pdfTeX warning (ext4): destination with the same identifier (name{lstnumber.0.18}) has been already used, duplicate ignored
<to be read again> 
                   \relax 
l.18 }
      )
File: ./../03_AUX/01_PICT///HTL_logo.pdf Graphic file (type pdf)
<use ./../03_AUX/01_PICT///HTL_logo.pdf>
Package pdftex.def Info: ./../03_AUX/01_PICT///HTL_logo.pdf  used on input line 396.
(pdftex.def)             Requested size: 70.621pt x 30.42433pt.
 [38]
\openout6 = `DA_ZEC-Timing.listing'.

 (d:\ZEC-Timing\docs\DA_Vorlage_HTL-Weiz\02_DOC_Main\Output\DA_ZEC-Timing.listing
pdfTeX warning (ext4): destination with the same identifier (name{lstnumber.0.1}) has been already used, duplicate ignored
<to be read again> 
                   \relax 
l.1  
      async createTeam(data: TeamCreate): Promise<Team> {
pdfTeX warning (ext4): destination with the same identifier (name{lstnumber.0.2}) has been already used, duplicate ignored
<to be read again> 
                   \relax 
l.2  
        const response = await authenticatedFetch(`${API_BASE_URL}/teams/`, {
pdfTeX warning (ext4): destination with the same identifier (name{lstnumber.0.3}) has been already used, duplicate ignored
<to be read again> 
                   \relax 
l.3  
          method: 'POST',
pdfTeX warning (ext4): destination with the same identifier (name{lstnumber.0.4}) has been already used, duplicate ignored
<to be read again> 
                   \relax 
l.4  
          body: JSON.stringify(data),
pdfTeX warning (ext4): destination with the same identifier (name{lstnumber.0.5}) has been already used, duplicate ignored
<to be read again> 
                   \relax 
l.5  
        })
pdfTeX warning (ext4): destination with the same identifier (name{lstnumber.0.6}) has been already used, duplicate ignored
<to be read again> 
                   \relax 
l.6  
        if (!response.ok) throw new Error('Failed to create team')
pdfTeX warning (ext4): destination with the same identifier (name{lstnumber.0.7}) has been already used, duplicate ignored
<to be read again> 
                   \relax 
l.7  
        return response.json()
pdfTeX warning (ext4): destination with the same identifier (name{lstnumber.0.8}) has been already used, duplicate ignored
<to be read again> 
                   \relax 
l.8  
      },)
\openout6 = `DA_ZEC-Timing.listing'.

 (d:\ZEC-Timing\docs\DA_Vorlage_HTL-Weiz\02_DOC_Main\Output\DA_ZEC-Timing.listing
pdfTeX warning (ext4): destination with the same identifier (name{lstnumber.0.1}) has been already used, duplicate ignored
<to be read again> 
                   \relax 
l.1 const 
          rolePermissions: Record<UserRole, RolePermissions> = {
pdfTeX warning (ext4): destination with the same identifier (name{lstnumber.0.2}) has been already used, duplicate ignored
<to be read again> 
                   \relax 
l.2  
      admin: {
pdfTeX warning (ext4): destination with the same identifier (name{lstnumber.0.3}) has been already used, duplicate ignored
<to be read again> 
                   \relax 
l.3  
        allowedTabs: ['leaderboard', 'attempts', 'teams',
pdfTeX warning (ext4): destination with the same identifier (name{lstnumber.0.4}) has been already used, duplicate ignored
<to be read again> 
                   \relax 
l.4  
                      'challenges', 'users', 'export', 'login'],
pdfTeX warning (ext4): destination with the same identifier (name{lstnumber.0.5}) has been already used, duplicate ignored
<to be read again> 
                   \relax 
l.5  
        canViewAttempts: true,
pdfTeX warning (ext4): destination with the same identifier (name{lstnumber.0.6}) has been already used, duplicate ignored
<to be read again> 
                   \relax 
l.6  
        canEditTeams: true,
pdfTeX warning (ext4): destination with the same identifier (name{lstnumber.0.7}) has been already used, duplicate ignored
<to be read again> 
                   \relax 
l.7  
        canEditUsers: true,
pdfTeX warning (ext4): destination with the same identifier (name{lstnumber.0.8}) has been already used, duplicate ignored
<to be read again> 
                   \relax 
l.8  
        canEditChallenges: true,
pdfTeX warning (ext4): destination with the same identifier (name{lstnumber.0.9}) has been already used, duplicate ignored
<to be read again> 
                   \relax 
l.9  
        canExport: true,
pdfTeX warning (ext4): destination with the same identifier (name{lstnumber.0.10}) has been already used, duplicate ignored
<to be read again> 
                   \relax 
l.10  
       },)
\openout6 = `DA_ZEC-Timing.listing'.

 (d:\ZEC-Timing\docs\DA_Vorlage_HTL-Weiz\02_DOC_Main\Output\DA_ZEC-Timing.listing
pdfTeX warning (ext4): destination with the same identifier (name{lstnumber.0.1}) has been already used, duplicate ignored
<to be read again> 
                   \relax 
l.1 const 
          handleTabChange = (tab: Tabs) => {
pdfTeX warning (ext4): destination with the same identifier (name{lstnumber.0.2}) has been already used, duplicate ignored
<to be read again> 
                   \relax 
l.2  
      if (canAccessTab(currentUser?.role || null, tab)) {
pdfTeX warning (ext4): destination with the same identifier (name{lstnumber.0.3}) has been already used, duplicate ignored
<to be read again> 
                   \relax 
l.3  
        setActiveTab(tab)
pdfTeX warning (ext4): destination with the same identifier (name{lstnumber.0.4}) has been already used, duplicate ignored
<to be read again> 
                   \relax 
l.4  
      }
pdfTeX warning (ext4): destination with the same identifier (name{lstnumber.0.5}) has been already used, duplicate ignored
<to be read again> 
                   \relax 
l.5 }
     ))
File: ./../03_AUX/01_PICT///HTL_logo.pdf Graphic file (type pdf)
<use ./../03_AUX/01_PICT///HTL_logo.pdf>
Package pdftex.def Info: ./../03_AUX/01_PICT///HTL_logo.pdf  used on input line 43.
(pdftex.def)             Requested size: 70.621pt x 30.42433pt.
 [39] (../02a_DOC_DPL1/kap_06_testen.tex
Overfull \hbox (9.20076pt too wide) in paragraph at lines 8--13
\T1/ua1/m/n/12 Die Test-stra-te-gie des Pro-jekts ver-wen-det Unit- und In-te-gra-ti-ons-tests für die Backend-Services
 []

\openout6 = `DA_ZEC-Timing.listing'.

(d:\ZEC-Timing\docs\DA_Vorlage_HTL-Weiz\02_DOC_Main\Output\DA_ZEC-Timing.listing)
File: ./../03_AUX/01_PICT///HTL_logo.pdf Graphic file (type pdf)
<use ./../03_AUX/01_PICT///HTL_logo.pdf>
Package pdftex.def Info: ./../03_AUX/01_PICT///HTL_logo.pdf  used on input line 33.
(pdftex.def)             Requested size: 70.621pt x 30.42433pt.
 [40]
Overfull \hbox (28.40593pt too wide) in paragraph at lines 36--38
\T1/ua1/m/n/12 Integrationstests prü-fen die HTTP-Schnittstellen des Ser-vices mit dem \T1/cmtt/m/n/12 FastAPI TestClient\T1/ua1/m/n/12 [[]23[]].
 []

\openout6 = `DA_ZEC-Timing.listing'.

(d:\ZEC-Timing\docs\DA_Vorlage_HTL-Weiz\02_DOC_Main\Output\DA_ZEC-Timing.listing)
\openout6 = `DA_ZEC-Timing.listing'.

 (d:\ZEC-Timing\docs\DA_Vorlage_HTL-Weiz\02_DOC_Main\Output\DA_ZEC-Timing.listing))
File: ./../03_AUX/01_PICT///HTL_logo.pdf Graphic file (type pdf)
<use ./../03_AUX/01_PICT///HTL_logo.pdf>
Package pdftex.def Info: ./../03_AUX/01_PICT///HTL_logo.pdf  used on input line 47.
(pdftex.def)             Requested size: 70.621pt x 30.42433pt.
 [41] (../02a_DOC_DPL1/kap_07_fazit_ausblick.tex)
File: ./../03_AUX/01_PICT///HTL_logo.pdf Graphic file (type pdf)
<use ./../03_AUX/01_PICT///HTL_logo.pdf>
Package pdftex.def Info: ./../03_AUX/01_PICT///HTL_logo.pdf  used on input line 51.
(pdftex.def)             Requested size: 70.621pt x 30.42433pt.
 [42]) (DA_03_ADDendum.tex
Overfull \hbox (3.87712pt too wide) in paragraph at lines 6--7
 []|\T1/ua1/b/n/12 Zeitaufwand
 []


Overfull \hbox (0.6113pt too wide) in alignment at lines 4--8
 [] [] [] 
 []


Overfull \hbox (3.87712pt too wide) in paragraph at lines 10--11
 []|\T1/ua1/b/n/12 Zeitaufwand
 []


Overfull \hbox (0.6113pt too wide) in alignment at lines 8--12
 [] [] [] 
 []


Overfull \hbox (0.6113pt too wide) in alignment at lines 12--14
 [] [] [] 
 []


Overfull \hbox (0.6113pt too wide) in alignment at lines 14--181
 [] [] [] 
 []


ignored: Infinite glue shrinkage found in box being split
File: ./../03_AUX/01_PICT///HTL_logo.pdf Graphic file (type pdf)
<use ./../03_AUX/01_PICT///HTL_logo.pdf>
Package pdftex.def Info: ./../03_AUX/01_PICT///HTL_logo.pdf  used on input line 181.
(pdftex.def)             Requested size: 70.621pt x 30.42433pt.
[43]
ignored: Infinite glue shrinkage found in box being split
File: ./../03_AUX/01_PICT///HTL_logo.pdf Graphic file (type pdf)
<use ./../03_AUX/01_PICT///HTL_logo.pdf>
Package pdftex.def Info: ./../03_AUX/01_PICT///HTL_logo.pdf  used on input line 181.
(pdftex.def)             Requested size: 70.621pt x 30.42433pt.
 [44]
ignored: Infinite glue shrinkage found in box being split
File: ./../03_AUX/01_PICT///HTL_logo.pdf Graphic file (type pdf)
<use ./../03_AUX/01_PICT///HTL_logo.pdf>
Package pdftex.def Info: ./../03_AUX/01_PICT///HTL_logo.pdf  used on input line 181.
(pdftex.def)             Requested size: 70.621pt x 30.42433pt.
 [45]
File: ./../03_AUX/01_PICT///HTL_logo.pdf Graphic file (type pdf)
<use ./../03_AUX/01_PICT///HTL_logo.pdf>
Package pdftex.def Info: ./../03_AUX/01_PICT///HTL_logo.pdf  used on input line 182.
(pdftex.def)             Requested size: 70.621pt x 30.42433pt.
 [46] (d:\ZEC-Timing\docs\DA_Vorlage_HTL-Weiz\02_DOC_Main\Output\DA_ZEC-Timing.lof)
\tf@lof=\write7
\openout7 = `DA_ZEC-Timing.lof'.

File: ./../03_AUX/01_PICT///HTL_logo.pdf Graphic file (type pdf)
<use ./../03_AUX/01_PICT///HTL_logo.pdf>
Package pdftex.def Info: ./../03_AUX/01_PICT///HTL_logo.pdf  used on input line 193.
(pdftex.def)             Requested size: 70.621pt x 30.42433pt.
 [47] (d:\ZEC-Timing\docs\DA_Vorlage_HTL-Weiz\02_DOC_Main\Output\DA_ZEC-Timing.lot)
\tf@lot=\write8
\openout8 = `DA_ZEC-Timing.lot'.

File: ./../03_AUX/01_PICT///HTL_logo.pdf Graphic file (type pdf)
<use ./../03_AUX/01_PICT///HTL_logo.pdf>
Package pdftex.def Info: ./../03_AUX/01_PICT///HTL_logo.pdf  used on input line 202.
(pdftex.def)             Requested size: 70.621pt x 30.42433pt.
 [48]

Package glossaries Info: Preparing to sort glossary `acronym' (total number of
(glossaries)             referenced entries: 7)

File: ./../03_AUX/01_PICT///HTL_logo.pdf Graphic file (type pdf)
<use ./../03_AUX/01_PICT///HTL_logo.pdf>
Package pdftex.def Info: ./../03_AUX/01_PICT///HTL_logo.pdf  used on input line 208.
(pdftex.def)             Requested size: 70.621pt x 30.42433pt.
[49]
File: ./../03_AUX/01_PICT///HTL_logo.pdf Graphic file (type pdf)
<use ./../03_AUX/01_PICT///HTL_logo.pdf>
Package pdftex.def Info: ./../03_AUX/01_PICT///HTL_logo.pdf  used on input line 210.
(pdftex.def)             Requested size: 70.621pt x 30.42433pt.
 [50]
Overfull \hbox (4.89464pt too wide) in paragraph at lines 210--210
[]\T1/ua1/m/n/12 pytest-cov. \T1/ua1/m/it/12 Py-test plu-gin for mea-su-ring co-ver-a-ge. \T1/ua1/m/n/12 URL: []$\T1/cmtt/m/n/12 https : / / pypi . org / project /
 []


Overfull \hbox (22.03178pt too wide) in paragraph at lines 210--210
[]\T1/ua1/m/n/12 SQLite Con-sor-ti-um. \T1/ua1/m/it/12 SQ-Li-te\T1/ua1/m/n/12 . URL: []$\T1/cmtt/m/n/12 https : / / www . sqlite . org/$[] \T1/ua1/m/n/12 (be-sucht am 03. 04. 2026). 
 []


Overfull \hbox (4.29642pt too wide) in paragraph at lines 210--210
[]\T1/ua1/m/n/12 Sebastián Ramírez. \T1/ua1/m/it/12 Test Cli-ent\T1/ua1/m/n/12 . URL: []$\T1/cmtt/m/n/12 https : / / fastapi . tiangolo . com / reference /
 []

)

Package caption Warning: Unused \captionsetup[wrapfigure] on input line 28.
See the caption package documentation for explanation.

File: ./../03_AUX/01_PICT///HTL_logo.pdf Graphic file (type pdf)
<use ./../03_AUX/01_PICT///HTL_logo.pdf>
Package pdftex.def Info: ./../03_AUX/01_PICT///HTL_logo.pdf  used on input line 54.
(pdftex.def)             Requested size: 70.621pt x 30.42433pt.
[51] 
enddocument/afterlastpage (AED): lastpage setting LastPage.
(d:\ZEC-Timing\docs\DA_Vorlage_HTL-Weiz\02_DOC_Main\Output\DA_ZEC-Timing.aux)
 ***********
LaTeX2e <2025-11-01>
L3 programming layer <2020/03/25>
 ***********
Package logreq Info: Writing requests to 'DA_ZEC-Timing.run.xml'.
\openout1 = `DA_ZEC-Timing.run.xml'.

 ) 
Here is how much of TeX's memory you used:
 54765 strings out of 467867
 1144033 string characters out of 5428401
 2349583 words of memory out of 5000000
 82437 multiletter control sequences out of 15000+600000
 715731 words of font info for 97 fonts, out of 8000000 for 9000
 1143 hyphenation exceptions out of 8191
 115i,19n,110p,11377b,2463s stack positions out of 10000i,1000n,20000p,200000b,200000s
 <C:\Users\David\AppData\Local\MiKTeX\fonts/pk/ljfour/jknappen/ec/dpi600\tcss1200.pk> <C:\Users\David\AppData\Local\MiKTeX\fonts/pk/ljfour/jknappen/ec/dpi600\ectt1200.pk> <C:\Users\David\AppData\Local\MiKTeX\fonts/pk/ljfour/jknappen/ec/dpi600\ectt1095.pk><C:/Program Files/MiKTeX/fonts/type1/urw/arial/ua1b8a.pfb><C:/Program Files/MiKTeX/fonts/type1/urw/arial/ua1r8a.pfb><C:/Program Files/MiKTeX/fonts/type1/urw/arial/ua1ri8a.pfb>
Output written on d:\ZEC-Timing\docs\DA_Vorlage_HTL-Weiz\02_DOC_Main\Output\DA_ZEC-Timing.pdf (51 pages, 3823675 bytes).
PDF statistics:
 1288 PDF objects out of 1440 (max. 8388607)
 317 named destinations out of 1000 (max. 500000)
 718 words of extra memory for PDF output out of 10000 (max. 10000000)

